{
  "IcoMoonType": "selection",
  "icons": [
    {
      "icon": {
        "paths": [
          "M1228.8 0l-1228.8 576 392.704 121.19 605.696-473.19-460.698 517.939 0.358 0.154-0.461-0.154v282.061l220.211-214.118 279.040 86.118 191.949-896z"
        ],
        "attrs": [
          {
            "fill": "rgb(255, 255, 255)"
          }
        ],
        "width": 1229,
        "isMulticolor": false,
        "isMulticolor2": false,
        "grid": 0,
        "tags": [
          "airplane-icon"
        ]
      },
      "attrs": [
        {
          "fill": "rgb(255, 255, 255)"
        }
      ],
      "properties": {
        "order": 60,
        "id": 0,
        "name": "airplane-icon",
        "prevSize": 32
      },
      "setIdx": 0,
      "setId": 16,
      "iconIdx": 0
    },
    {
      "icon": {
        "paths": [
          "M1024 103.131l-103.131-103.131-408.869 408.869-408.869-408.869-103.131 103.131 408.869 408.869-408.869 408.869 103.131 103.131 408.869-408.869 408.869 408.869 103.131-103.131-408.869-408.869 408.869-408.869z"
        ],
        "attrs": [
          {}
        ],
        "isMulticolor": false,
        "isMulticolor2": false,
        "tags": [
          "close-black"
        ],
        "grid": 0
      },
      "attrs": [
        {}
      ],
      "properties": {
        "order": 36,
        "id": 0,
        "name": "close-black",
        "prevSize": 32,
        "code": 59649
      },
      "setIdx": 1,
      "setId": 15,
      "iconIdx": 0
    },
    {
      "icon": {
        "width": 1280,
        "paths": [
          "M1081.034 32.647c22.118-21.172 51.553-32.876 82.093-32.644 30.538 0.232 59.794 12.383 81.591 33.889 21.798 21.506 34.433 50.684 35.241 81.378 0.809 30.693-10.277 60.503-30.915 83.136l-626.508 787.752c-10.772 11.667-23.776 21.029-38.23 27.528-14.454 6.497-30.063 9.999-45.893 10.294s-31.558-2.623-46.241-8.579c-14.684-5.956-28.022-14.828-39.217-26.085l-415.474-417.714c-11.57-10.839-20.85-23.91-27.287-38.435-6.437-14.523-9.898-30.202-10.177-46.099s2.63-31.689 8.553-46.431c5.923-14.743 14.739-28.136 25.921-39.379s24.503-20.106 39.167-26.061 30.37-8.879 46.183-8.599c15.812 0.28 31.406 3.761 45.853 10.231 14.445 6.472 27.447 15.802 38.228 27.434l328.799 330.414 545.329-698.557c0.982-1.215 2.030-2.375 3.14-3.473h-0.156z"
        ],
        "attrs": [
          {
            "fill": "rgb(244, 244, 253)"
          }
        ],
        "isMulticolor": false,
        "isMulticolor2": false,
        "tags": [
          "galochka"
        ],
        "grid": 0
      },
      "attrs": [
        {
          "fill": "rgb(244, 244, 253)"
        }
      ],
      "properties": {
        "order": 37,
        "id": 1,
        "name": "galochka",
        "prevSize": 32,
        "code": 59650
      },
      "setIdx": 1,
      "setId": 15,
      "iconIdx": 1
    },
    {
      "icon": {
        "paths": [
          "M512 512c94.293 0 170.667-76.373 170.667-170.667s-76.373-170.667-170.667-170.667c-94.293 0-170.667 76.373-170.667 170.667s76.373 170.667 170.667 170.667zM512 597.333c-113.92 0-341.333 57.173-341.333 170.667v42.667c0 23.467 19.2 42.667 42.667 42.667h597.333c23.467 0 42.667-19.2 42.667-42.667v-42.667c0-113.493-227.413-170.667-341.333-170.667z"
        ],
        "attrs": [
          {}
        ],
        "isMulticolor": false,
        "isMulticolor2": false,
        "tags": [
          "person"
        ],
        "grid": 0
      },
      "attrs": [
        {}
      ],
      "properties": {
        "order": 38,
        "id": 2,
        "name": "person",
        "prevSize": 32,
        "code": 59651
      },
      "setIdx": 1,
      "setId": 15,
      "iconIdx": 2
    },
    {
      "icon": {
        "paths": [
          "M128 32h768c53.019 0 96 42.981 96 96v768c0 53.019-42.981 96-96 96h-768c-53.019 0-96-42.981-96-96v-768c0-53.019 42.981-96 96-96z",
          "M732.544 272.32c10.543-10.195 24.925-16.477 40.774-16.477 32.108 0 58.193 25.784 58.681 57.776l0.001 0.046c0.012 0.452 0.019 0.983 0.019 1.517 0 15.439-5.891 29.503-15.548 40.065l0.041-0.045-313.216 393.856c-10.799 11.64-26.179 18.9-43.254 18.9-7.913 0-15.461-1.559-22.355-4.387l0.393 0.143c-7.632-3.153-14.143-7.569-19.58-13.052l-0.004-0.004-207.744-208.832c-11.586-10.835-18.807-26.214-18.807-43.279 0-8.023 1.596-15.673 4.487-22.65l-0.144 0.393c9.023-21.879 30.186-36.997 54.879-36.997 0.282 0 0.563 0.002 0.844 0.006h-0.042c16.605 0.31 31.477 7.477 41.949 18.778l0.035 0.038 164.416 165.248 272.64-349.312c0.516-0.626 1.040-1.19 1.593-1.722l-0.057-0.006z",
          "M128 32h768c53.019 0 96 42.981 96 96v768c0 53.019-42.981 96-96 96h-768c-53.019 0-96-42.981-96-96v-768c0-53.019 42.981-96 96-96z"
        ],
        "attrs": [
          {
            "fill": "rgb(64, 75, 191)"
          },
          {
            "fill": "rgb(244, 244, 253)"
          },
          {
            "fill": "none",
            "stroke": "rgb(64, 75, 191)",
            "strokeLinejoin": "miter",
            "strokeLinecap": "butt",
            "strokeMiterlimit": "4",
            "strokeWidth": 64
          }
        ],
        "isMulticolor": true,
        "isMulticolor2": true,
        "tags": [
          "click"
        ],
        "grid": 0
      },
      "attrs": [
        {
          "fill": "rgb(64, 75, 191)"
        },
        {
          "fill": "rgb(244, 244, 253)"
        },
        {
          "fill": "none",
          "stroke": "rgb(64, 75, 191)",
          "strokeLinejoin": "miter",
          "strokeLinecap": "butt",
          "strokeMiterlimit": "4",
          "strokeWidth": 64
        }
      ],
      "properties": {
        "order": 39,
        "id": 3,
        "name": "click",
        "prevSize": 32,
        "code": 59652,
        "codes": [
          59652,
          59653,
          59654
        ]
      },
      "setIdx": 1,
      "setId": 15,
      "iconIdx": 3
    },
    {
      "icon": {
        "width": 768,
        "paths": [
          "M640 256h-512c-35.2 0-63.659 28.8-63.659 64l-0.341 384c0 35.2 28.8 64 64 64h512c35.2 0 64-28.8 64-64v-384c0-35.2-28.8-64-64-64zM627.2 392.021l-226.219 141.397c-4.83 3.019-10.696 4.809-16.981 4.809s-12.152-1.79-17.118-4.889l0.137 0.079-226.219-141.397c-8.055-4.815-13.365-13.491-13.365-23.407 0-15.010 12.168-27.179 27.179-27.179 5.581 0 10.769 1.682 15.085 4.567l214.301 133.997 214.4-134.101c4.217-2.823 9.405-4.505 14.986-4.505 15.010 0 27.179 12.168 27.179 27.179 0 9.916-5.31 18.591-13.241 23.338l-0.124 0.069z"
        ],
        "attrs": [
          {}
        ],
        "isMulticolor": false,
        "isMulticolor2": false,
        "tags": [
          "email"
        ],
        "grid": 0
      },
      "attrs": [
        {}
      ],
      "properties": {
        "order": 40,
        "id": 4,
        "name": "email",
        "prevSize": 32,
        "code": 59655
      },
      "setIdx": 1,
      "setId": 15,
      "iconIdx": 4
    },
    {
      "icon": {
        "paths": [
          "M512 512c94.257 0 170.667-76.41 170.667-170.667s-76.41-170.667-170.667-170.667v0c-94.257 0-170.667 76.41-170.667 170.667s76.41 170.667 170.667 170.667v0zM512 597.333c-113.948 0-341.333 57.173-341.333 170.667v42.667c0 23.438 19.172 42.667 42.667 42.667h597.333c23.438 0 42.667-19.228 42.667-42.667v-42.667c0-113.493-227.442-170.667-341.333-170.667z"
        ],
        "attrs": [
          {}
        ],
        "isMulticolor": false,
        "isMulticolor2": false,
        "tags": [
          "Name-1"
        ],
        "grid": 0
      },
      "attrs": [
        {}
      ],
      "properties": {
        "order": 42,
        "id": 7,
        "name": "Name-1",
        "prevSize": 32,
        "code": 59658
      },
      "setIdx": 1,
      "setId": 15,
      "iconIdx": 7
    },
    {
      "icon": {
        "paths": [
          "M512 512c94.293 0 170.667-76.373 170.667-170.667s-76.373-170.667-170.667-170.667c-94.293 0-170.667 76.373-170.667 170.667s76.373 170.667 170.667 170.667zM512 597.333c-113.92 0-341.333 57.173-341.333 170.667v42.667c0 23.467 19.2 42.667 42.667 42.667h597.333c23.467 0 42.667-19.2 42.667-42.667v-42.667c0-113.493-227.413-170.667-341.333-170.667z"
        ],
        "attrs": [
          {
            "fill": "rgb(77, 90, 229)"
          }
        ],
        "isMulticolor": false,
        "isMulticolor2": false,
        "tags": [
          "name-2"
        ],
        "grid": 0
      },
      "attrs": [
        {
          "fill": "rgb(77, 90, 229)"
        }
      ],
      "properties": {
        "order": 43,
        "id": 8,
        "name": "name-2",
        "prevSize": 32,
        "code": 59659
      },
      "setIdx": 1,
      "setId": 15,
      "iconIdx": 8
    },
    {
      "icon": {
        "width": 768,
        "paths": [
          "M628.309 591.573l-78.421-8.96c-2.143-0.265-4.625-0.416-7.141-0.416-16.993 0-32.375 6.894-43.504 18.037l-56.79 56.79c-88.073-45.434-158.068-115.416-202.301-200.887l-1.219-2.591 57.173-57.131c11.119-11.119 17.997-26.479 17.997-43.446 0-2.522-0.152-5.008-0.447-7.451l0.029 0.294-8.96-77.824c-3.694-30.917-29.759-54.656-61.369-54.656-0.025 0-0.050 0-0.075 0h-53.415c-34.901 0-63.915 29.013-61.739 63.915 16.341 263.68 227.243 474.283 490.624 490.667 34.901 2.133 63.915-26.88 63.915-61.781v-53.419c0.001-0.101 0.001-0.22 0.001-0.339 0-31.386-23.633-57.252-54.074-60.775l-0.284-0.027z"
        ],
        "attrs": [
          {}
        ],
        "isMulticolor": false,
        "isMulticolor2": false,
        "tags": [
          "phone"
        ],
        "grid": 0
      },
      "attrs": [
        {}
      ],
      "properties": {
        "order": 44,
        "id": 9,
        "name": "phone",
        "prevSize": 32,
        "code": 59660
      },
      "setIdx": 1,
      "setId": 15,
      "iconIdx": 9
    },
    {
      "icon": {
        "paths": [
          "M128 32h768c53.019 0 96 42.981 96 96v768c0 53.019-42.981 96-96 96h-768c-53.019 0-96-42.981-96-96v-768c0-53.019 42.981-96 96-96z"
        ],
        "attrs": [
          {
            "fill": "none",
            "strokeLinejoin": "miter",
            "strokeLinecap": "butt",
            "strokeMiterlimit": "4",
            "strokeWidth": 64
          }
        ],
        "isMulticolor": false,
        "isMulticolor2": false,
        "tags": [
          "square"
        ],
        "grid": 0
      },
      "attrs": [
        {
          "fill": "none",
          "strokeLinejoin": "miter",
          "strokeLinecap": "butt",
          "strokeMiterlimit": "4",
          "strokeWidth": 64
        }
      ],
      "properties": {
        "order": 45,
        "id": 10,
        "name": "square",
        "prevSize": 32,
        "code": 59661
      },
      "setIdx": 1,
      "setId": 15,
      "iconIdx": 10
    },
    {
      "icon": {
        "paths": [
          "M682.541 170.019h93.485v-162.816c-16.128-2.219-71.597-7.211-136.195-7.211-134.784 0-227.114 84.778-227.114 240.597v143.403h-148.737v182.016h148.737v457.985h182.357v-457.942h142.718l22.656-182.016h-165.417v-125.398c0.043-52.608 14.208-88.619 87.51-88.619z"
        ],
        "attrs": [
          {
            "fill": "rgb(244, 244, 253)"
          }
        ],
        "isMulticolor": false,
        "isMulticolor2": false,
        "tags": [
          "facebook"
        ],
        "grid": 0
      },
      "attrs": [
        {
          "fill": "rgb(244, 244, 253)"
        }
      ],
      "properties": {
        "order": 46,
        "id": 11,
        "name": "facebook",
        "prevSize": 32,
        "code": 59662
      },
      "setIdx": 1,
      "setId": 15,
      "iconIdx": 11
    },
    {
      "icon": {
        "paths": [
          "M1022.995 301.051c-2.4-54.409-11.2-91.814-23.802-124.227-13.005-34.405-33.005-65.208-59.213-90.815-25.606-26.005-56.614-46.212-90.618-59.012-32.602-12.604-69.811-21.403-124.224-23.802-54.816-2.602-72.218-3.204-211.243-3.204-139.027 0-156.429 0.602-211.041 3.001-54.41 2.399-91.815 11.205-124.22 23.802-34.413 13.003-65.216 33.006-90.822 59.215-26.005 25.606-46.204 56.612-59.012 90.62-12.604 32.608-21.403 69.811-23.801 124.22-2.602 54.815-3.204 72.217-3.204 211.244 0 139.025 0.602 156.426 3.001 211.044 2.399 54.406 11.205 91.814 23.809 124.224 13.002 34.406 33.202 65.21 59.207 90.816 25.606 26.003 56.612 46.214 90.619 59.008 32.608 12.608 69.811 21.408 124.227 23.802 54.605 2.413 72.014 3.002 211.041 3.002s156.43-0.589 211.041-3.002c54.406-2.394 91.814-11.194 124.218-23.802 68.819-26.605 123.226-81.011 149.837-149.824 12.595-32.608 21.402-69.818 23.802-124.224 2.4-54.618 3.002-72.019 3.002-211.044 0-139.027-0.205-156.429-2.605-211.041zM930.784 719.13c-2.208 50.016-10.605 77.018-17.606 95.021-17.21 44.608-52.614 80.019-97.222 97.222-18.003 7.002-45.203 15.405-95.021 17.6-54.010 2.406-70.208 2.995-206.835 2.995s-153.030-0.589-206.845-2.995c-50.010-2.195-77.014-10.598-95.018-17.6-22.2-8.205-42.406-21.21-58.808-38.208-17.004-16.608-30.006-36.608-38.211-58.81-7.002-18.003-15.402-45.21-17.597-95.021-2.407-54.010-3.001-70.214-3.001-206.844s0.594-153.030 3.001-206.837c2.195-50.010 10.595-77.015 17.597-95.019 8.205-22.207 21.207-42.406 38.414-58.816 16.596-17.004 36.6-30.006 58.808-38.203 18.003-7.002 45.212-15.402 95.018-17.605 54.010-2.399 70.217-3 206.837-3 136.828 0 153.027 0.602 206.844 3 50.010 2.204 77.018 10.604 95.021 17.605 22.195 8.197 42.406 21.199 58.81 38.203 16.998 16.605 30.003 36.609 38.208 58.816 7.002 18.004 15.398 45.204 17.606 95.019 2.4 54.010 3.002 70.209 3.002 206.837s-0.602 152.629-3.002 206.639z",
          "M513.899 249.039c-145.224 0-263.052 117.82-263.052 263.051 0 145.235 117.828 263.052 263.052 263.052 145.231 0 263.048-117.818 263.048-263.052 0-145.231-117.818-263.051-263.048-263.051zM513.899 682.726c-94.214 0-170.635-76.415-170.635-170.636s76.421-170.635 170.635-170.635c94.221 0 170.632 76.413 170.632 170.635s-76.411 170.636-170.632 170.636v0z",
          "M848.768 238.637c0 33.913-27.494 61.411-61.414 61.411-33.914 0-61.414-27.498-61.414-61.411 0-33.921 27.501-61.411 61.414-61.411 33.92 0 61.414 27.489 61.414 61.411v0z"
        ],
        "attrs": [
          {
            "fill": "rgb(244, 244, 253)"
          },
          {
            "fill": "rgb(244, 244, 253)"
          },
          {
            "fill": "rgb(244, 244, 253)"
          }
        ],
        "isMulticolor": false,
        "isMulticolor2": false,
        "tags": [
          "instagram"
        ],
        "grid": 0
      },
      "attrs": [
        {
          "fill": "rgb(244, 244, 253)"
        },
        {
          "fill": "rgb(244, 244, 253)"
        },
        {
          "fill": "rgb(244, 244, 253)"
        }
      ],
      "properties": {
        "order": 47,
        "id": 12,
        "name": "instagram",
        "prevSize": 32,
        "code": 59663
      },
      "setIdx": 1,
      "setId": 15,
      "iconIdx": 12
    },
    {
      "icon": {
        "paths": [
          "M1023.75 1023.994v-0.045h0.256v-375.552c0-183.723-39.552-325.249-254.336-325.249-103.251 0-172.545 56.662-200.833 110.379h-2.986v-93.227h-203.649v683.649h212.054v-338.515c0-89.133 16.896-175.32 127.273-175.32 108.762 0 110.381 101.717 110.381 181.035v332.845h211.84z",
          "M16.898 340.344h212.309v683.65h-212.309v-683.65z",
          "M122.969-0.008c-67.882 0-122.965 55.083-122.965 122.965s55.083 124.118 122.965 124.118c67.883 0 122.966-56.235 122.966-124.118-0.043-67.883-55.126-122.965-122.966-122.965v0z"
        ],
        "attrs": [
          {
            "fill": "rgb(244, 244, 253)"
          },
          {
            "fill": "rgb(244, 244, 253)"
          },
          {
            "fill": "rgb(244, 244, 253)"
          }
        ],
        "isMulticolor": false,
        "isMulticolor2": false,
        "tags": [
          "linkedin"
        ],
        "grid": 0
      },
      "attrs": [
        {
          "fill": "rgb(244, 244, 253)"
        },
        {
          "fill": "rgb(244, 244, 253)"
        },
        {
          "fill": "rgb(244, 244, 253)"
        }
      ],
      "properties": {
        "order": 48,
        "id": 13,
        "name": "linkedin",
        "prevSize": 32,
        "code": 59664
      },
      "setIdx": 1,
      "setId": 15,
      "iconIdx": 13
    },
    {
      "icon": {
        "paths": [
          "M1024 194.488c-38.080 16.704-78.656 27.776-120.96 33.152 43.52-25.984 76.736-66.816 92.352-116.032-40.576 24.192-85.376 41.28-133.12 50.816-38.528-41.024-93.44-66.432-153.344-66.432-116.224 0-209.792 94.336-209.792 209.984 0 16.64 1.408 32.64 4.864 47.872-174.528-8.512-328.96-92.16-432.704-219.584-18.112 31.424-28.736 67.392-28.736 106.112 0 72.704 37.44 137.152 93.248 174.464-33.728-0.64-66.816-10.432-94.848-25.856 0 0.64 0 1.472 0 2.304 0 102.016 72.768 186.752 168.192 206.272-17.088 4.672-35.712 6.912-55.040 6.912-13.44 0-27.008-0.768-39.744-3.584 27.2 83.137 104.384 144.257 196.16 146.241-71.424 55.872-162.112 89.536-260.288 89.536-17.216 0-33.728-0.768-50.24-2.88 92.992 59.968 203.2 94.208 322.048 94.208 386.304 0 597.504-320.001 597.504-597.377 0-9.28-0.32-18.24-0.768-27.136 41.664-29.568 76.672-66.496 105.216-108.992z"
        ],
        "attrs": [
          {
            "fill": "rgb(244, 244, 253)"
          }
        ],
        "isMulticolor": false,
        "isMulticolor2": false,
        "tags": [
          "twitter"
        ],
        "grid": 0
      },
      "attrs": [
        {
          "fill": "rgb(244, 244, 253)"
        }
      ],
      "properties": {
        "order": 49,
        "id": 14,
        "name": "twitter",
        "prevSize": 32,
        "code": 59665
      },
      "setIdx": 1,
      "setId": 15,
      "iconIdx": 14
    },
    {
      "icon": {
        "paths": [
          "M477.618 478.867h34.115v153.52h-34.115v-153.52z",
          "M614.078 547.098h34.115v85.29h-34.115v-85.29z",
          "M341.154 598.272h34.117v34.115h-34.117v-34.115z",
          "M238.808 581.213h34.117v51.173h-34.117v-51.173z",
          "M51.173 905.31h818.771c28.261 0 51.174-22.912 51.174-51.173v-68.23c0-28.261-22.914-51.173-51.174-51.173h-17.058v-425.386l96.891-91.786c22.488 11.085 49.707 4.355 64.424-15.958 14.726-20.306 12.661-48.267-4.88-66.191s-45.443-20.598-66.074-6.33c-20.622 14.276-27.952 41.337-17.358 64.066l-73.003 69.206v-39.355c0-28.261-22.912-51.173-51.173-51.173h-682.309c-28.26 0-51.173 22.912-51.173 51.173v511.733h-17.058c-28.26 0-51.173 22.912-51.173 51.173v68.23c0 28.261 22.913 51.173 51.173 51.173zM972.291 154.771c9.419 0 17.058 7.637 17.058 17.058 0 9.419-7.638 17.058-17.058 17.058-9.421 0-17.058-7.638-17.058-17.058 0-9.421 7.637-17.058 17.058-17.058zM102.346 223.002c0-9.419 7.638-17.058 17.058-17.058h682.309c9.419 0 17.058 7.638 17.058 17.058v71.637l-34.115 32.418v-69.939c0-9.419-7.638-17.058-17.058-17.058h-614.079c-9.42 0-17.058 7.638-17.058 17.058v426.443c0 9.421 7.638 17.058 17.058 17.058h614.079c9.419 0 17.058-7.637 17.058-17.058v-309.579l34.115-32.325v393.078h-716.425v-511.733zM255.866 444.752c-23.078-0.066-43.344 15.309-49.482 37.555-6.139 22.246 3.365 45.843 23.213 57.621 19.84 11.776 45.118 8.819 61.701-7.23l59.294 29.752c6.888 3.448 15.242 1.832 20.363-3.923l126.043-141.802 123.901 92.843c6.646 4.981 15.926 4.448 21.955-1.258l107.686-102.005v260.197h-579.963v-392.328h579.963v85.131l-120.688 114.29-124.942-93.667c-7.096-5.314-17.083-4.315-22.979 2.307l-127.774 143.766-47.768-23.888c0.35-2.048 0.566-4.114 0.651-6.189 0-28.259-22.914-51.173-51.174-51.173zM272.923 495.925c0 9.421-7.637 17.059-17.058 17.059-9.419 0-17.058-7.638-17.058-17.059 0-9.419 7.638-17.058 17.058-17.058 9.421 0 17.058 7.638 17.058 17.058zM375.27 768.85h170.578v17.058c0 9.419-7.638 17.058-17.058 17.058h-136.462c-9.421 0-17.058-7.638-17.058-17.058v-17.058zM34.116 785.907c0-9.421 7.638-17.058 17.058-17.058h289.982v17.058c0 28.261 22.912 51.173 51.173 51.173h136.462c28.259 0 51.173-22.912 51.173-51.173v-17.058h289.981c9.421 0 17.058 7.637 17.058 17.058v68.23c0 9.421-7.637 17.058-17.058 17.058h-818.771c-9.42 0-17.058-7.637-17.058-17.058v-68.23z"
        ],
        "attrs": [
          {
            "fill": "rgb(77, 90, 229)"
          },
          {
            "fill": "rgb(77, 90, 229)"
          },
          {
            "fill": "rgb(77, 90, 229)"
          },
          {
            "fill": "rgb(77, 90, 229)"
          },
          {
            "fill": "rgb(46, 47, 66)"
          }
        ],
        "isMulticolor": true,
        "isMulticolor2": false,
        "tags": [
          "Diligence"
        ],
        "grid": 0
      },
      "attrs": [
        {
          "fill": "rgb(77, 90, 229)"
        },
        {
          "fill": "rgb(77, 90, 229)"
        },
        {
          "fill": "rgb(77, 90, 229)"
        },
        {
          "fill": "rgb(77, 90, 229)"
        },
        {
          "fill": "rgb(46, 47, 66)"
        }
      ],
      "properties": {
        "order": 50,
        "id": 15,
        "name": "Diligence",
        "prevSize": 32,
        "code": 59666,
        "codes": [
          59666,
          59667,
          59668,
          59669,
          59670
        ]
      },
      "setIdx": 1,
      "setId": 15,
      "iconIdx": 15
    },
    {
      "icon": {
        "paths": [
          "M1001.493 489.64c-0.054-270.475-219.368-489.695-489.853-489.64-270.475 0.055-489.695 219.374-489.64 489.851 0.047 213.054 137.82 401.634 340.781 466.438 1.938 0.61 3.954 0.922 5.978 0.914 3.859-0.008 7.64-1.038 10.96-3 4.32-2.555 7.547-6.618 9.062-11.406l123.68-392c33.813-0.171 61.078-27.726 60.899-61.531-0.173-33.813-27.72-61.078-61.531-60.906-9.094 0.038-18.070 2.133-26.243 6.125l-163.39-163.414c-8.109-7.829-21.024-7.602-28.851 0.499-7.642 7.915-7.642 20.446 0 28.36l163.304 163.493c-12.531 25.578-5.366 56.453 17.165 73.89l-117.845 373.531c-232.89-85.789-352.14-344.125-266.351-577.014 85.789-232.891 344.125-352.141 577.016-266.352s352.139 344.133 266.35 577.016c-41.914 113.781-128.030 205.797-238.789 255.147l-12.734-59.976c-2.328-11.024-13.163-18.070-24.187-15.734-3.477 0.742-6.704 2.376-9.36 4.742l-122.781 109.618c-8.422 7.491-9.171 20.39-1.672 28.813 2.438 2.734 5.563 4.765 9.062 5.882l156.758 50.032c10.726 3.445 22.219-2.453 25.664-13.187 1.093-3.39 1.274-7 0.539-10.485l-12.515-58.851c181.258-76.414 298.944-254.149 298.523-450.853zM511.75 469.235c11.266 0 20.406 9.139 20.406 20.405 0 11.274-9.141 20.406-20.406 20.406-11.274 0-20.406-9.133-20.406-20.406 0-11.266 9.133-20.405 20.406-20.405zM578.962 944.883l69.89-62.344 19.29 90.891-89.179-28.547z",
          "M491.344 101.922v40.812c0 11.273 9.133 20.406 20.406 20.406 11.266 0 20.406-9.133 20.406-20.406v-40.812c0-11.266-9.141-20.406-20.406-20.406-11.274 0-20.406 9.141-20.406 20.406z",
          "M124.031 469.234c-11.273 0-20.406 9.141-20.406 20.406 0 11.274 9.133 20.406 20.406 20.406h40.812c11.274 0 20.406-9.133 20.406-20.406 0-11.266-9.133-20.406-20.406-20.406h-40.812z",
          "M899.459 510.046c11.274 0 20.406-9.133 20.406-20.406 0-11.266-9.133-20.406-20.406-20.406h-40.811c-11.266 0-20.406 9.141-20.406 20.406 0 11.274 9.141 20.406 20.406 20.406h40.811z"
        ],
        "attrs": [
          {
            "fill": "rgb(46, 47, 66)"
          },
          {
            "fill": "rgb(77, 90, 229)"
          },
          {
            "fill": "rgb(77, 90, 229)"
          },
          {
            "fill": "rgb(77, 90, 229)"
          }
        ],
        "isMulticolor": true,
        "isMulticolor2": false,
        "tags": [
          "Punctuality"
        ],
        "grid": 0
      },
      "attrs": [
        {
          "fill": "rgb(46, 47, 66)"
        },
        {
          "fill": "rgb(77, 90, 229)"
        },
        {
          "fill": "rgb(77, 90, 229)"
        },
        {
          "fill": "rgb(77, 90, 229)"
        }
      ],
      "properties": {
        "order": 51,
        "id": 16,
        "name": "Punctuality",
        "prevSize": 32,
        "code": 59671,
        "codes": [
          59671,
          59672,
          59673,
          59674
        ]
      },
      "setIdx": 1,
      "setId": 15,
      "iconIdx": 16
    },
    {
      "icon": {
        "paths": [
          "M984.741 707.123l-270.182-272.162 29.986-147.696c7.738 3.021 15.965 4.6 24.269 4.659h0.205c38.154 0.451 69.446-30.112 69.899-68.264s-30.112-69.446-68.264-69.899c-38.154-0.45-69.446 30.112-69.899 68.265-0.096 8.163 1.254 16.278 3.992 23.971l-158.72 19.371-258.902-260.25c-3.176-3.241-7.512-5.084-12.050-5.12-4.48 0.023-8.77 1.807-11.946 4.966l-48.402 48.128c-6.662 6.664-6.662 17.468 0 24.132l26.043 26.419c-100.897 185.533-68.125 415.29 80.624 565.213 1.365 1.306 2.947 2.362 4.675 3.123-1.075 5.776-1.635 11.635-1.672 17.51v197.974h-204.8c-47.104 0.054-85.278 38.229-85.333 85.333v34.133c0 9.426 7.642 17.067 17.067 17.067h785.066c9.426 0 17.067-7.642 17.067-17.067v-34.133c-0.056-47.104-38.229-85.278-85.333-85.333h-204.8v-87.741c32.083 6.73 64.771 10.16 97.552 10.24 78.661-0.085 156.069-19.694 225.28-57.070l26.181 26.334c3.176 3.24 7.512 5.083 12.050 5.12 4.48-0.024 8.77-1.808 11.946-4.966l48.402-48.128c6.662-6.666 6.662-17.469 0-24.133zM744.954 199.458c13.366-13.294 34.979-13.235 48.272 0.131s13.235 34.978-0.131 48.27c-6.397 6.363-15.054 9.934-24.078 9.933h-0.102c-18.85-0.098-34.054-15.458-33.957-34.31 0.048-9.024 3.666-17.659 10.064-24.024h-0.067zM704.779 311.603l-19.149 94.259-37.616-37.837 56.765-56.422zM685.392 282.744l-61.44 61.082-47.531-47.787 108.971-13.294zM768.131 921.6c28.277 0 51.2 22.923 51.2 51.2v17.067h-750.934v-17.067c0-28.277 22.923-51.2 51.2-51.2h648.534zM529.197 853.333v34.134h-170.667v-34.134h170.667zM358.53 819.2v-129.707c0-41.403 38.282-75.093 85.334-75.093s85.333 33.69 85.333 75.093v129.707h-170.667zM563.331 764.928v-75.435c0-60.227-53.59-109.226-119.467-109.226-42.595-0.653-82.424 21.027-104.995 57.155-129.846-136.762-159.086-340.646-72.915-508.388l595.259 598.671c-91.917 46.758-197.285 59.923-297.882 37.222zM924.581 743.048l-673.827-677.785 24.15-24.064 253.917 255.352c0.12 0 0.189 0.222 0.309 0.307l419.669 422.126-24.218 24.064z",
          "M444.018 648.533h-0.154c-28.277-0.043-51.234 22.846-51.277 51.123s22.846 51.234 51.123 51.277h0.154c28.277 0.043 51.234-22.846 51.277-51.123 0.042-28.277-22.846-51.234-51.123-51.277zM455.965 711.834c-3.213 3.195-7.568 4.982-12.101 4.966-9.426-0.050-17.026-7.73-16.978-17.155 0.024-4.512 1.834-8.829 5.030-12.013 3.178-3.158 7.467-4.942 11.947-4.966 9.426 0.050 17.026 7.73 16.978 17.155-0.024 4.512-1.834 8.829-5.030 12.013h0.154z"
        ],
        "attrs": [
          {
            "fill": "rgb(46, 47, 66)"
          },
          {
            "fill": "rgb(77, 90, 229)"
          }
        ],
        "isMulticolor": true,
        "isMulticolor2": false,
        "tags": [
          "Strategy"
        ],
        "grid": 0
      },
      "attrs": [
        {
          "fill": "rgb(46, 47, 66)"
        },
        {
          "fill": "rgb(77, 90, 229)"
        }
      ],
      "properties": {
        "order": 52,
        "id": 17,
        "name": "Strategy",
        "prevSize": 32,
        "code": 59675,
        "codes": [
          59675,
          59676
        ]
      },
      "setIdx": 1,
      "setId": 15,
      "iconIdx": 17
    },
    {
      "icon": {
        "paths": [
          "M1023.17 144.77c-2.014-6.162-7.339-10.666-13.773-11.606l-61.133-8.892-27.358-55.399c-5.734-11.674-24.866-11.674-30.6 0l-27.358 55.399-61.136 8.894c-6.434 0.938-11.757 5.428-13.789 11.606-1.997 6.178-0.342 12.97 4.317 17.494l44.256 43.13-10.445 60.894c-1.093 6.4 1.536 12.869 6.776 16.693 5.309 3.858 12.237 4.334 17.989 1.296l54.682-28.758 54.683 28.758c2.493 1.314 5.24 1.962 7.954 1.962 3.533 0 7.067-1.091 10.037-3.259 5.256-3.822 7.885-10.293 6.776-16.693l-10.443-60.894 44.254-43.13c4.635-4.54 6.31-11.316 4.312-17.494zM944.357 187.232c-4.011 3.909-5.854 9.574-4.899 15.106l6.11 35.651-32.016-16.827c-2.493-1.315-5.222-1.963-7.955-1.963-2.73 0-5.443 0.648-7.954 1.963l-32.018 16.827 6.109-35.651c0.957-5.531-0.888-11.179-4.898-15.106l-25.925-25.258 35.806-5.206c5.565-0.802 10.36-4.3 12.853-9.336l16.008-32.426 16.008 32.426c2.493 5.034 7.288 8.534 12.853 9.336l35.806 5.206-25.89 25.258z",
          "M836.272 656.71h-34.136v34.134h34.136v-34.134z",
          "M836.272 724.979h-34.136v34.134h34.136v-34.134z",
          "M870.406 690.845h-34.134v34.134h34.134v-34.134z",
          "M802.139 690.845h-34.136v34.134h34.136v-34.134z",
          "M716.802 844.448h-34.134v34.133h34.134v-34.133z",
          "M716.802 912.714h-34.134v34.136h34.134v-34.136z",
          "M750.938 878.581h-34.134v34.136h34.134v-34.136z",
          "M682.667 878.581h-34.134v34.136h34.134v-34.136z",
          "M512 776.181h-34.134v34.134h34.134v-34.134z",
          "M512 844.448h-34.134v34.133h34.134v-34.133z",
          "M546.134 810.312h-34.134v34.134h34.134v-34.134z",
          "M477.866 810.312h-34.134v34.134h34.134v-34.134z",
          "M187.728 195.902h-34.134v34.134h34.134v-34.134z",
          "M187.728 264.173h-34.134v34.134h34.134v-34.134z",
          "M221.861 230.038h-34.134v34.134h34.134v-34.134z",
          "M153.593 230.038h-34.134v34.134h34.134v-34.134z",
          "M790.872 453.102c-9.198-12.408-22.698-20.394-38.024-22.546-15.395-2.184-30.586 1.859-42.874 11.264l-40.074 30.72-60.726 45.347-43.451-17.306c77.483-34.765 131.637-112.266 131.637-202.243 0-122.336-99.926-221.87-222.757-221.87s-222.755 99.534-222.755 221.87c0 44.341 13.259 85.573 35.84 120.269l-88.442-0.768c-0.051 0-0.102 0-0.154 0-0.274 0-0.494 0.136-0.75 0.155-1.69 0.067-3.346 0.41-4.966 0.989-0.41 0.155-0.835 0.24-1.227 0.427-0.205 0.085-0.41 0.101-0.614 0.203l-103.46 51.082c-0.018 0-0.034 0-0.034 0.016l-60.589 29.136c-0.666 0.29-1.348 0.682-2.014 1.126-24.15 16.075-32.376 47.65-19.148 73.454 7.048 13.722 19.046 23.827 33.793 28.451 5.684 1.773 11.486 2.645 17.254 2.645 9.268 0 18.45-2.269 26.862-6.757l44.409-23.621 72.448-37.411 43.419-0.256-174.135 173.299c-0.016 0.018-0.034 0.018-0.052 0.034l-42.839 42.667c-10.12 10.070-15.684 23.432-15.684 37.685 0 14.234 5.564 27.63 15.684 37.718 10.394 10.342 24.064 15.53 37.735 15.53 13.688 0 27.34-5.187 37.768-15.53l42.053-41.883 55.706-41.592 28.827 28.706-56.373 56.133c-0.016 0.019-0.034 0.019-0.053 0.035l-42.838 42.666c-10.12 10.070-15.684 23.432-15.684 37.685 0 14.234 5.564 27.63 15.684 37.718 10.394 10.342 24.082 15.531 37.753 15.531s27.358-5.189 37.768-15.531l111.411-110.933c0.019-0.019 0.019-0.035 0.035-0.053l32.307-32-0.12-0.12c0.205-0.205 0.494-0.275 0.701-0.494l165.31-181.062 111.072 15.803c0.802 0.12 1.603 0.171 2.406 0.171 2.066 0 4.061-0.494 5.99-1.229 0.563-0.203 1.058-0.478 1.587-0.75 0.614-0.307 1.262-0.477 1.845-0.869l102.827-68.267c0.376-0.256 0.579-0.667 0.938-0.939 0.41-0.323 0.922-0.459 1.296-0.819l40.686-38.11c21.171-19.837 24.088-52.331 6.782-75.576zM68.173 568.645c-5.546 2.97-11.844 3.566-17.868 1.656-5.974-1.861-10.82-5.941-13.654-11.453-5.154-10.035-2.168-22.256 6.86-28.859l42.037-20.226 14.37 42.002-31.744 16.88zM180.080 510.158l-49.544 25.6-14.044-41.064 64.856-32.019-1.267 47.483zM663.262 298.304c0 29.389-7.014 57.107-19.166 81.904l-133.805-60.774c-1.4-18.347-10.922-34.406-25.224-44.41l46.848-155.53c76.086 24.202 131.347 95.183 131.347 178.81zM286.016 298.304c0-103.51 84.618-187.736 188.622-187.736 8.091 0 16.010 0.682 23.843 1.672l-45.826 152.119c-0.613-0.018-1.194-0.189-1.826-0.189-33.042 0-59.923 26.795-59.923 59.736 0 32.938 26.882 59.734 59.923 59.734 22.221 0 41.421-12.27 51.781-30.227l123.598 56.152c-34.39 46.285-89.432 76.477-151.573 76.477-104.003 0-188.621-84.226-188.621-187.738zM476.619 323.906c0 14.114-11.573 25.6-25.789 25.6s-25.789-11.486-25.789-25.6c0-14.115 11.573-25.602 25.789-25.602s25.789 11.486 25.789 25.602zM78.875 804.68c-7.56 7.493-19.798 7.477-27.34 0.018-3.636-3.635-5.632-8.429-5.632-13.533 0-5.086 1.996-9.883 5.632-13.483l30.786-30.67 27.239 27.12-30.684 30.549zM181.718 924.15c-7.56 7.491-19.814 7.51-27.358 0.018-3.636-3.635-5.632-8.43-5.632-13.534 0-5.086 1.996-9.882 5.632-13.482l30.806-30.686 27.256 27.12-30.704 30.565zM293.133 813.147c-0.019 0.016-0.035 0.016-0.053 0.034l-56.475 56.32-27.256-27.12 56.422-56.166c0 0 0 0 0-0.016 0.019-0.018 0.035-0.018 0.053-0.034 1.28-1.28 2.082-2.816 2.867-4.334 0.222-0.445 0.648-0.821 0.837-1.28 0.53-1.314 0.614-2.73 0.819-4.115 0.102-0.786 0.445-1.517 0.445-2.322 0-1.144-0.41-2.251-0.648-3.379-0.205-1.024-0.205-2.067-0.598-3.054-0.648-1.605-1.758-3.021-2.918-4.405-0.323-0.376-0.443-0.853-0.802-1.211 0 0 0 0-0.018 0-0.018-0.016-0.018-0.053-0.034-0.069l-51.424-51.2c-0.546-0.546-1.245-0.768-1.859-1.229-0.904-0.699-1.774-1.347-2.782-1.843-0.971-0.478-1.962-0.768-2.986-1.042-1.093-0.309-2.15-0.547-3.294-0.632-1.042-0.069-2.014 0.034-3.054 0.154-1.144 0.136-2.218 0.29-3.328 0.648-1.075 0.342-2.030 0.87-3.019 1.434-0.632 0.358-1.349 0.478-1.947 0.922l-56.746 42.362-28.827-28.707 76.768-76.357 139.539 137.237-29.682 29.406zM511.334 588.613c-0.494-0.067-0.957 0.12-1.451 0.086-1.246-0.069-2.44 0.018-3.686 0.222-0.971 0.17-1.893 0.357-2.816 0.682-1.091 0.376-2.082 0.888-3.090 1.502-0.955 0.579-1.826 1.194-2.662 1.962-0.41 0.358-0.904 0.53-1.28 0.938l-150.344 164.662-138.498-136.211 90.659-90.182c6.674-6.656 6.707-17.459 0.051-24.15-3.362-3.362-7.781-5.018-12.202-5v-0.016l-70.998 0.427 0.888-51.44 99.33 0.854c40.482 41.405 96.939 67.227 159.403 67.227 13.995 0 27.65-1.45 40.944-3.926 1.28 1.024 2.541 2.067 4.147 2.715l77.109 30.72 4.88 24.269 5.701 28.33-96.085-13.67zM640.65 594.314l-10.018-49.853 46.285-34.562 30.294 40.21-66.562 44.205zM760.765 503.722l-26.811 25.123-29.798-39.562 26.606-20.394c4.965-3.822 11.23-5.376 17.374-4.574 6.178 0.87 11.64 4.096 15.36 9.096 6.93 9.336 5.752 22.358-2.731 30.31z",
          "M435.266 593.41l-68.574-68.267c-6.638-6.638-17.427-6.638-24.083 0l-68.557 68.267c-3.208 3.226-5.018 7.56-5.018 12.099 0 4.541 1.792 8.893 5.018 12.101l68.557 68.267c3.328 3.31 7.699 4.966 12.051 4.966s8.72-1.656 12.032-4.966l68.574-68.267c3.208-3.208 5.034-7.56 5.034-12.101 0-4.539-1.81-8.891-5.034-12.099zM354.659 649.696l-44.376-44.187 44.376-44.186 44.39 44.186-44.39 44.187z",
          "M549.256 162.264l-8.245 33.146c2.27 0.563 55.605 14.456 55.605 68.763h34.134c-0.002-64.549-53.301-94.894-81.494-101.909z",
          "M630.752 298.304h-34.134v34.136h34.134v-34.136z"
        ],
        "attrs": [
          {
            "fill": "rgb(77, 90, 229)"
          },
          {
            "fill": "rgb(77, 90, 229)"
          },
          {
            "fill": "rgb(77, 90, 229)"
          },
          {
            "fill": "rgb(77, 90, 229)"
          },
          {
            "fill": "rgb(77, 90, 229)"
          },
          {
            "fill": "rgb(77, 90, 229)"
          },
          {
            "fill": "rgb(77, 90, 229)"
          },
          {
            "fill": "rgb(77, 90, 229)"
          },
          {
            "fill": "rgb(77, 90, 229)"
          },
          {
            "fill": "rgb(77, 90, 229)"
          },
          {
            "fill": "rgb(77, 90, 229)"
          },
          {
            "fill": "rgb(77, 90, 229)"
          },
          {
            "fill": "rgb(77, 90, 229)"
          },
          {
            "fill": "rgb(77, 90, 229)"
          },
          {
            "fill": "rgb(77, 90, 229)"
          },
          {
            "fill": "rgb(77, 90, 229)"
          },
          {
            "fill": "rgb(77, 90, 229)"
          },
          {
            "fill": "rgb(46, 47, 66)"
          },
          {
            "fill": "rgb(46, 47, 66)"
          },
          {
            "fill": "rgb(46, 47, 66)"
          },
          {
            "fill": "rgb(46, 47, 66)"
          }
        ],
        "isMulticolor": true,
        "isMulticolor2": false,
        "tags": [
          "Technologies"
        ],
        "grid": 0
      },
      "attrs": [
        {
          "fill": "rgb(77, 90, 229)"
        },
        {
          "fill": "rgb(77, 90, 229)"
        },
        {
          "fill": "rgb(77, 90, 229)"
        },
        {
          "fill": "rgb(77, 90, 229)"
        },
        {
          "fill": "rgb(77, 90, 229)"
        },
        {
          "fill": "rgb(77, 90, 229)"
        },
        {
          "fill": "rgb(77, 90, 229)"
        },
        {
          "fill": "rgb(77, 90, 229)"
        },
        {
          "fill": "rgb(77, 90, 229)"
        },
        {
          "fill": "rgb(77, 90, 229)"
        },
        {
          "fill": "rgb(77, 90, 229)"
        },
        {
          "fill": "rgb(77, 90, 229)"
        },
        {
          "fill": "rgb(77, 90, 229)"
        },
        {
          "fill": "rgb(77, 90, 229)"
        },
        {
          "fill": "rgb(77, 90, 229)"
        },
        {
          "fill": "rgb(77, 90, 229)"
        },
        {
          "fill": "rgb(77, 90, 229)"
        },
        {
          "fill": "rgb(46, 47, 66)"
        },
        {
          "fill": "rgb(46, 47, 66)"
        },
        {
          "fill": "rgb(46, 47, 66)"
        },
        {
          "fill": "rgb(46, 47, 66)"
        }
      ],
      "properties": {
        "order": 53,
        "id": 18,
        "name": "Technologies",
        "prevSize": 32,
        "code": 59677,
        "codes": [
          59677,
          59678,
          59679,
          59680,
          59681,
          59682,
          59683,
          59684,
          59685,
          59686,
          59687,
          59688,
          59689,
          59690,
          59691,
          59692,
          59693,
          59694,
          59695,
          59696,
          59697
        ]
      },
      "setIdx": 1,
      "setId": 15,
      "iconIdx": 18
    },
    {
      "icon": {
        "width": 1902,
        "paths": [
          "M694.857 128l128.143 122.083-237.857-0.141v592.315h621.714v-226.47l128 121.947v-609.733h-640zM1201.232 601.457l-363.333-346.152h363.333v346.152zM1088.422 755.615h-404.901v-398.362h28.621v371.387h376.28v26.975zM764.268 951.974l-15.089-31.027h-12.454l21.873 41.072v23.929h11.295v-23.929l21.875-41.072h-12.411l-15.089 31.027zM819.893 920.947h2.679l24.552 65h-11.785l-5.259-15.223h-25.163l-5.248 15.223h-11.741l24.464-65h7.501zM807.98 961.841h19.030l-9.525-27.575-9.505 27.575zM886.53 951.071c-0.49-0.624-0.962-1.229-1.413-1.819-1.668-2.203-2.962-4.33-3.884-6.384-0.923-2.085-1.384-4.228-1.384-6.429 0-3.392 0.699-6.309 2.097-8.75s3.379-4.315 5.939-5.625c2.558-1.34 5.55-2.010 8.973-2.010 3.302 0 6.146 0.669 8.527 2.010 2.41 1.309 4.255 3.050 5.535 5.222 1.309 2.172 1.964 4.553 1.964 7.142 0 2.053-0.371 3.93-1.115 5.627-0.744 1.695-1.77 3.244-3.081 4.643-1.309 1.399-2.827 2.723-4.553 3.973l-4.515 3.286 12.871 15.19c0.424-0.834 0.808-1.712 1.152-2.628 1.103-2.858 1.653-6.027 1.653-9.51h9.285c0 3.156-0.313 6.146-0.938 8.975-0.594 2.827-1.562 5.445-2.902 7.856-0.543 1-1.157 1.957-1.843 2.869l9.521 11.238h-12.454l-3.778-4.443c-2.044 1.552-4.268 2.765-6.669 3.641-3.154 1.13-6.517 1.697-10.088 1.697-4.317 0-8.051-0.79-11.205-2.366-3.156-1.578-5.595-3.75-7.322-6.519-1.697-2.768-2.545-5.937-2.545-9.509 0-2.65 0.55-4.97 1.651-6.965 1.103-2.022 2.606-3.899 4.509-5.625 1.759-1.596 3.763-3.191 6.012-4.787zM891.864 957.603l-1.346 0.978c-1.578 1.28-2.754 2.516-3.527 3.707-0.744 1.161-1.234 2.233-1.472 3.215-0.24 0.982-0.358 1.845-0.358 2.589 0 1.904 0.402 3.63 1.205 5.179 0.834 1.547 2.039 2.781 3.617 3.705 1.607 0.892 3.557 1.339 5.848 1.339 2.47 0 4.866-0.55 7.188-1.651 1.163-0.567 2.267-1.249 3.31-2.048l-14.464-17.011zM894.433 945.73l3.986-2.684c1.876-1.249 3.215-2.47 4.019-3.661 0.803-1.22 1.205-2.737 1.205-4.553 0-1.547-0.596-2.975-1.787-4.286-1.19-1.309-2.873-1.964-5.045-1.964-1.518 0-2.798 0.357-3.838 1.072-1.042 0.684-1.83 1.607-2.366 2.768-0.507 1.13-0.759 2.395-0.759 3.794 0 1.339 0.342 2.723 1.026 4.151 0.686 1.399 1.622 2.873 2.812 4.42 0.243 0.311 0.492 0.624 0.746 0.944zM1008.152 964.787h-11.162c-0.327 2.827-1.011 5.222-2.053 7.188-1.011 1.935-2.514 3.407-4.507 4.42-1.966 1.011-4.539 1.518-7.724 1.518-2.619 0-4.866-0.521-6.742-1.563-1.874-1.040-3.421-2.514-4.643-4.42-1.19-1.904-2.083-4.182-2.677-6.83-0.567-2.679-0.848-5.656-0.848-8.929v-5.491c0-3.452 0.313-6.517 0.936-9.196 0.655-2.708 1.622-4.985 2.902-6.832 1.28-1.845 2.873-3.244 4.778-4.195 1.904-0.953 4.136-1.43 6.696-1.43 3.125 0 5.654 0.536 7.589 1.607 1.935 1.042 3.394 2.56 4.376 4.553 1.011 1.995 1.666 4.39 1.964 7.188h11.16c-0.446-4.345-1.666-8.199-3.661-11.562-1.964-3.363-4.731-5.998-8.304-7.901-3.571-1.905-7.945-2.858-13.124-2.858-4.078 0-7.753 0.715-11.028 2.143-3.244 1.428-6.025 3.496-8.347 6.206-2.322 2.677-4.107 5.906-5.358 9.686-1.22 3.78-1.83 8.007-1.83 12.679v5.402c0 4.672 0.596 8.9 1.787 12.679 1.22 3.78 2.977 7.009 5.268 9.688 2.291 2.648 5.045 4.701 8.258 6.16 3.215 1.428 6.832 2.143 10.849 2.143 5.239 0 9.688-0.953 13.349-2.858s6.502-4.509 8.527-7.812c2.024-3.333 3.215-7.13 3.571-11.385zM1070.16 955.233v-3.571c0-4.91-0.655-9.3-1.964-13.169-1.28-3.899-3.11-7.217-5.491-9.955-2.381-2.768-5.222-4.866-8.527-6.296-3.304-1.457-6.965-2.187-10.982-2.187-3.988 0-7.634 0.73-10.937 2.187-3.275 1.43-6.117 3.527-8.527 6.296-2.383 2.737-4.228 6.056-5.537 9.955-1.309 3.869-1.964 8.26-1.964 13.169v3.571c0 4.912 0.655 9.317 1.964 13.215 1.34 3.899 3.215 7.217 5.625 9.955 2.412 2.739 5.253 4.837 8.527 6.296 3.304 1.428 6.95 2.143 10.939 2.143 4.017 0 7.678-0.715 10.982-2.143 3.302-1.459 6.131-3.557 8.481-6.296 2.381-2.737 4.211-6.056 5.491-9.955s1.92-8.304 1.92-13.215zM1058.955 951.572v3.661c0 3.632-0.357 6.846-1.072 9.644-0.684 2.798-1.695 5.164-3.035 7.099-1.339 1.904-2.975 3.348-4.91 4.33-1.935 0.953-4.153 1.428-6.652 1.428-2.47 0-4.672-0.475-6.607-1.428-1.935-0.982-3.602-2.427-5.001-4.33-1.368-1.935-2.41-4.301-3.125-7.099-0.713-2.798-1.072-6.012-1.072-9.644v-3.661c0-3.63 0.358-6.83 1.072-9.598 0.715-2.798 1.741-5.133 3.081-7.009 1.368-1.904 3.021-3.333 4.955-4.284 1.935-0.982 4.136-1.474 6.607-1.474s4.688 0.492 6.652 1.474c1.964 0.951 3.615 2.381 4.955 4.284 1.368 1.876 2.395 4.211 3.079 7.009 0.715 2.768 1.072 5.968 1.072 9.598z"
        ],
        "attrs": [
          {
            "fill": "rgb(142, 143, 153)"
          }
        ],
        "isMulticolor": false,
        "isMulticolor2": false,
        "tags": [
          "Logo_1"
        ],
        "grid": 0
      },
      "attrs": [
        {
          "fill": "rgb(142, 143, 153)"
        }
      ],
      "properties": {
        "order": 54,
        "id": 19,
        "name": "Logo_1",
        "prevSize": 32,
        "code": 59698
      },
      "setIdx": 1,
      "setId": 15,
      "iconIdx": 19
    },
    {
      "icon": {
        "width": 1902,
        "paths": [
          "M916.363 108.517h-2.498c-3.838-0.232-7.678-0.325-11.518-0.419v0h-8.325c-7.263 0-14.665 0.186-22.020 0.558-0.554-0.040-1.11-0.040-1.664 0-66.64 3.776-131.93 20.432-192.294 49.056l-7.91 3.813v404.867l18.503-6.277c16.236-5.581 33.536-10.602 51.438-15.252 48.393-12.423 98.083-19.026 148.027-19.668v53.193c-6.616 0.048-13.045 0.234-19.474 0.56h-1.527c-38.437 2.108-76.577 7.963-113.887 17.483-47.252 11.831-92.837 29.594-135.675 52.869v-519.254c44.491-25.95 92.411-45.44 142.336-57.891 43.833-11.317 88.892-17.127 134.148-17.298h7.817c9.344 0.232 18.458 0.651 27.015 1.302 22.546 1.583 44.912 5.146 66.842 10.648v52.358c-21.297-4.962-42.951-8.227-64.761-9.765-0.443-0.037-0.885-0.075-1.328-0.113-4.513-0.385-9.031-0.771-13.244-0.771zM1008.508 162.037c11.61 0.884 23.638 1.302 35.803 1.302 47.574-0.174 94.945-6.249 141.040-18.088 47.23-11.875 92.795-29.652 135.629-52.916v510c-44.515 25.935-92.449 45.424-142.382 57.891-43.84 11.275-88.896 17.068-134.148 17.253-34.288 0.276-68.475-3.754-101.767-11.997v-513.302c7.863 1.813 15.958 3.487 24.192 4.882 13.508 2.279 27.756 3.952 41.633 4.975zM1268.061 165.989l-18.503 6.231c-17.024 5.719-34.185 10.835-51.44 15.391-50.235 12.91-101.864 19.531-153.715 19.716-12.072 0-23.173-0.325-33.905-1.024l-14.757-0.976v416.492l12.674 1.115c11.75 1.024 23.87 1.534 36.081 1.534 40.841-0.172 81.503-5.436 121.057-15.669 32.569-8.17 64.256-19.555 94.597-33.991l7.91-3.813v-405.006z",
          "M653.478 826.741c-2.659-2.759-5.866-4.926-9.412-6.36s-7.353-2.103-11.173-1.964c-4.070-0.055-8.112 0.704-11.888 2.233-3.463 1.379-6.61 3.451-9.253 6.091-2.611 2.648-4.645 5.815-5.967 9.3-1.45 3.652-2.174 7.554-2.128 11.485v69.376c-0.165 4.888 0.768 9.752 2.73 14.228 1.637 3.555 4.001 6.724 6.938 9.3 2.774 2.335 6.029 4.017 9.531 4.93 3.372 0.947 6.859 1.432 10.361 1.441 3.864 0.038 7.687-0.788 11.195-2.417 3.467-1.518 6.61-3.697 9.253-6.418 2.575-2.695 4.63-5.848 6.058-9.3 1.483-3.498 2.238-7.263 2.222-11.067v-7.764h-18.134v6.184c0.055 2.112-0.307 4.213-1.064 6.184-0.591 1.476-1.488 2.809-2.637 3.906-1.123 0.907-2.41 1.587-3.792 1.999-1.225 0.408-2.503 0.627-3.792 0.651-1.62 0.188-3.259-0.055-4.754-0.709s-2.79-1.691-3.758-3.010c-1.71-2.789-2.547-6.027-2.405-9.3v-64.68c-0.113-3.586 0.649-7.146 2.22-10.368 0.942-1.465 2.273-2.633 3.844-3.374s3.315-1.022 5.038-0.812c1.563-0.055 3.116 0.271 4.526 0.951s2.635 1.695 3.569 2.955c2.030 2.664 3.090 5.947 3.006 9.3v5.998h17.949v-7.067c0.035-4.151-0.719-8.271-2.222-12.136-1.339-3.635-3.401-6.958-6.060-9.765z",
          "M761.214 825.949c-5.782-4.882-13.080-7.579-20.63-7.625-3.694 0.015-7.356 0.677-10.825 1.953-3.522 1.262-6.771 3.187-9.574 5.672-3.004 2.701-5.402 6.014-7.033 9.719-1.827 4.237-2.725 8.821-2.637 13.438v66.54c-0.124 4.681 0.775 9.331 2.637 13.625 1.642 3.577 4.041 6.751 7.033 9.298 2.772 2.575 6.027 4.566 9.574 5.861 3.469 1.276 7.131 1.936 10.825 1.953 3.694-0.007 7.358-0.669 10.823-1.953 3.61-1.313 6.936-3.301 9.807-5.861 2.893-2.595 5.222-5.76 6.846-9.298 1.861-4.293 2.763-8.944 2.637-13.625v-66.54c0.090-4.617-0.81-9.201-2.637-13.438-1.613-3.666-3.941-6.971-6.846-9.719zM752.75 915.646c0.152 1.774-0.093 3.558-0.717 5.224s-1.613 3.169-2.891 4.401c-2.395 2.008-5.416 3.109-8.536 3.109s-6.139-1.101-8.534-3.109c-1.28-1.232-2.267-2.736-2.891-4.401-0.625-1.666-0.87-3.451-0.717-5.224v-66.54c-0.154-1.774 0.091-3.558 0.717-5.224 0.624-1.666 1.611-3.171 2.891-4.401 2.395-2.008 5.414-3.109 8.534-3.109s6.14 1.101 8.536 3.109c1.278 1.231 2.266 2.736 2.891 4.401 0.624 1.666 0.869 3.451 0.717 5.224v66.54z",
          "M902.716 945.36v-125.965h-17.439l-22.897 66.679h-0.324l-23.084-66.679h-17.254v125.965h17.995v-76.63h0.324l17.624 54.171h8.975l17.763-54.171h0.324v76.63h17.995z",
          "M1004.948 828.228c-2.772-3.109-6.268-5.475-10.178-6.883-4.211-1.37-8.618-2.030-13.045-1.953h-26.736v125.967h17.947v-49.196h9.251c5.601 0.254 11.173-0.931 16.19-3.441 4.081-2.266 7.484-5.59 9.854-9.626 2.075-3.35 3.474-7.080 4.116-10.973 0.706-4.74 1.031-9.531 0.971-14.321 0.176-6.049-0.415-12.096-1.757-17.995-1.198-4.359-3.472-8.344-6.614-11.579zM995.696 866.635c-0.077 2.28-0.645 4.518-1.666 6.557-1.026 1.936-2.648 3.487-4.624 4.416-2.659 1.19-5.559 1.732-8.466 1.582h-8.187v-42.825h9.251c2.787-0.137 5.563 0.406 8.095 1.58 1.856 1.066 3.33 2.693 4.209 4.65 0.982 2.213 1.516 4.601 1.573 7.022 0 2.651 0 5.44 0 8.369s0.185 5.952 0 8.649h-0.185z",
          "M1089.969 819.396h-14.711l-27.754 125.965h17.947l5.274-27.063h24.47l5.274 27.063h17.949l-28.449-125.965zM1073.408 901.14l8.836-45.661h0.324l8.79 45.661h-17.949z",
          "M1205.937 895.281h-0.324l-27.107-75.886h-17.254v125.965h17.947v-75.747h0.371l27.43 75.747h16.883v-125.965h-17.947v75.886z",
          "M1315.613 819.396l-14.433 50.079h-0.369l-14.433-50.079h-19.012l24.655 72.724v53.241h17.949v-53.241l24.655-72.724h-19.012z",
          "M603.429 980.928h8.651v24.272h5.873v-24.272h8.605v-4.976h-23.13v4.976z",
          "M676.145 975.952l-11.333 29.248h6.245l2.406-6.649h11.657l2.498 6.649h6.384l-11.611-29.248h-6.245zM675.22 993.622l3.979-10.834 3.977 10.834h-7.956z",
          "M748.030 994.416h6.755v3.767c-1.973 1.582-4.416 2.448-6.939 2.465-1.179 0.066-2.357-0.154-3.436-0.638-1.079-0.486-2.026-1.223-2.763-2.152-1.551-2.227-2.315-4.912-2.174-7.625 0-6.51 2.821-9.765 8.419-9.765 1.474-0.148 2.951 0.241 4.164 1.093 1.214 0.852 2.083 2.114 2.452 3.555l5.782-1.115c-1.249-5.72-5.365-8.602-12.398-8.602-3.76-0.101-7.417 1.247-10.222 3.767-1.474 1.454-2.615 3.215-3.341 5.158-0.728 1.944-1.024 4.023-0.869 6.093-0.172 4.003 1.167 7.921 3.747 10.975 1.432 1.477 3.167 2.624 5.083 3.363s3.97 1.050 6.018 0.914c4.577 0.128 9.022-1.54 12.398-4.65v-11.531h-12.676v4.928z",
          "M821.442 975.952h-5.921v29.248h20.491v-4.976h-14.57v-24.272z",
          "M883.52 975.952h-5.921v29.248h5.921v-29.248z",
          "M944.21 995.483l-11.981-19.531h-5.736v29.248h5.504v-19.11l11.75 19.11h5.875v-29.248h-5.413v19.531z",
          "M999.073 992.32h14.572v-4.976h-14.572v-6.416h15.682v-4.976h-21.603v29.248h22.204v-4.976h-16.283v-7.905z",
          "M1132.109 987.485h-11.518v-11.533h-5.873v29.248h5.873v-12.787h11.518v12.787h5.875v-29.248h-5.875v11.533z",
          "M1187.295 992.32h14.618v-4.976h-14.618v-6.416h15.728v-4.976h-21.603v29.248h22.157v-4.976h-16.282v-7.905z",
          "M1262.14 992.322c5.087-0.79 7.678-3.487 7.678-8.137 0.148-1.243-0.040-2.505-0.545-3.65-0.505-1.147-1.307-2.134-2.324-2.86-2.648-1.331-5.603-1.924-8.558-1.721h-12.396v29.248h5.875v-12.229h1.156c1.253-0.077 2.505 0.146 3.653 0.651 0.859 0.53 1.574 1.264 2.083 2.139l6.384 9.3h7.031l-3.562-5.72c-1.574-2.823-3.794-5.23-6.475-7.022zM1256.218 988.277h-4.347v-7.347h4.624c2.015-0.163 4.043 0.073 5.968 0.697 0.428 0.379 0.764 0.848 0.987 1.375s0.324 1.097 0.298 1.669c-0.027 0.571-0.181 1.13-0.452 1.633s-0.651 0.94-1.112 1.275c-1.931 0.592-3.953 0.828-5.968 0.699z",
          "M1318.576 992.32h14.57v-4.976h-14.57v-6.416h15.728v-4.976h-21.648v29.248h22.203v-4.976h-16.282v-7.905z"
        ],
        "attrs": [
          {
            "fill": "rgb(142, 143, 153)"
          },
          {
            "fill": "rgb(142, 143, 153)"
          },
          {
            "fill": "rgb(142, 143, 153)"
          },
          {
            "fill": "rgb(142, 143, 153)"
          },
          {
            "fill": "rgb(142, 143, 153)"
          },
          {
            "fill": "rgb(142, 143, 153)"
          },
          {
            "fill": "rgb(142, 143, 153)"
          },
          {
            "fill": "rgb(142, 143, 153)"
          },
          {
            "fill": "rgb(142, 143, 153)"
          },
          {
            "fill": "rgb(142, 143, 153)"
          },
          {
            "fill": "rgb(142, 143, 153)"
          },
          {
            "fill": "rgb(142, 143, 153)"
          },
          {
            "fill": "rgb(142, 143, 153)"
          },
          {
            "fill": "rgb(142, 143, 153)"
          },
          {
            "fill": "rgb(142, 143, 153)"
          },
          {
            "fill": "rgb(142, 143, 153)"
          },
          {
            "fill": "rgb(142, 143, 153)"
          },
          {
            "fill": "rgb(142, 143, 153)"
          },
          {
            "fill": "rgb(142, 143, 153)"
          }
        ],
        "isMulticolor": false,
        "isMulticolor2": false,
        "tags": [
          "Logo_2"
        ],
        "grid": 0
      },
      "attrs": [
        {
          "fill": "rgb(142, 143, 153)"
        },
        {
          "fill": "rgb(142, 143, 153)"
        },
        {
          "fill": "rgb(142, 143, 153)"
        },
        {
          "fill": "rgb(142, 143, 153)"
        },
        {
          "fill": "rgb(142, 143, 153)"
        },
        {
          "fill": "rgb(142, 143, 153)"
        },
        {
          "fill": "rgb(142, 143, 153)"
        },
        {
          "fill": "rgb(142, 143, 153)"
        },
        {
          "fill": "rgb(142, 143, 153)"
        },
        {
          "fill": "rgb(142, 143, 153)"
        },
        {
          "fill": "rgb(142, 143, 153)"
        },
        {
          "fill": "rgb(142, 143, 153)"
        },
        {
          "fill": "rgb(142, 143, 153)"
        },
        {
          "fill": "rgb(142, 143, 153)"
        },
        {
          "fill": "rgb(142, 143, 153)"
        },
        {
          "fill": "rgb(142, 143, 153)"
        },
        {
          "fill": "rgb(142, 143, 153)"
        },
        {
          "fill": "rgb(142, 143, 153)"
        },
        {
          "fill": "rgb(142, 143, 153)"
        }
      ],
      "properties": {
        "order": 55,
        "id": 20,
        "name": "Logo_2",
        "prevSize": 32,
        "code": 59699
      },
      "setIdx": 1,
      "setId": 15,
      "iconIdx": 20
    },
    {
      "icon": {
        "width": 1902,
        "paths": [
          "M673.093 900.083c0.294 0.007 0.585 0.064 0.854 0.168 0.269 0.102 0.51 0.251 0.711 0.435l4.037 3.796c-3.134 3.072-7.007 5.53-11.357 7.203-5.091 1.827-10.58 2.708-16.101 2.587-5.188 0.091-10.342-0.73-15.142-2.416-4.33-1.547-8.219-3.871-11.408-6.813-3.251-3.054-5.758-6.632-7.369-10.525-1.763-4.339-2.635-8.907-2.573-13.5-0.073-4.623 0.869-9.216 2.776-13.544 1.763-3.917 4.423-7.495 7.823-10.523 3.447-2.97 7.57-5.305 12.114-6.859 4.972-1.646 10.266-2.467 15.598-2.414 4.952-0.104 9.878 0.644 14.486 2.2 3.997 1.481 7.667 3.538 10.853 6.080l-3.383 4.056c-0.234 0.285-0.523 0.534-0.858 0.733-0.399 0.232-0.881 0.34-1.362 0.302-0.525-0.031-1.029-0.181-1.465-0.432l-1.818-1.079-2.523-1.381c-1.090-0.512-2.22-0.958-3.381-1.337-1.498-0.457-3.034-0.817-4.593-1.079-1.98-0.311-3.994-0.455-6.007-0.43-3.84-0.042-7.649 0.574-11.205 1.81-3.317 1.147-6.31 2.882-8.783 5.091-2.516 2.35-4.456 5.107-5.703 8.108-1.423 3.434-2.123 7.055-2.070 10.697-0.060 3.699 0.64 7.378 2.070 10.869 1.231 2.977 3.134 5.716 5.603 8.066 2.311 2.191 5.177 3.902 8.379 5.003 3.295 1.168 6.832 1.755 10.397 1.726 2.061 0.027 4.12-0.088 6.159-0.346 3.328-0.347 6.521-1.335 9.339-2.889 1.412-0.797 2.747-1.691 3.986-2.675 0.519-0.422 1.201-0.667 1.918-0.689z",
          "M789.691 881.011c0.062 4.575-0.861 9.123-2.726 13.413-1.644 3.891-4.235 7.44-7.603 10.416-3.366 2.973-7.433 5.303-11.93 6.837-9.882 3.22-20.805 3.22-30.689 0-4.469-1.558-8.508-3.893-11.862-6.859-3.365-3.026-5.974-6.607-7.671-10.523-3.637-8.686-3.637-18.181 0-26.869 1.721-3.917 4.328-7.508 7.671-10.565 3.383-2.873 7.42-5.118 11.862-6.599 9.871-3.279 20.818-3.279 30.689 0 4.484 1.556 8.539 3.891 11.911 6.857 3.323 2.999 5.914 6.532 7.621 10.394 1.871 4.319 2.794 8.896 2.726 13.5zM779.090 881.011c0.080-3.661-0.569-7.307-1.918-10.783-1.13-2.977-2.97-5.722-5.4-8.064-2.366-2.216-5.281-3.955-8.53-5.089-7.181-2.359-15.13-2.359-22.31 0-3.249 1.134-6.162 2.873-8.53 5.089-2.465 2.328-4.323 5.076-5.451 8.064-2.567 7.022-2.567 14.544 0 21.564 1.139 2.984 2.997 5.731 5.451 8.066 2.37 2.203 5.285 3.926 8.53 5.047 7.194 2.297 15.117 2.297 22.31 0 3.246-1.121 6.16-2.843 8.53-5.047 2.419-2.348 4.257-5.093 5.4-8.066 1.355-3.474 2.004-7.12 1.918-10.781z",
          "M869.239 892.319l1.061 2.416c0.404-0.863 0.757-1.64 1.161-2.416 0.384-0.812 0.823-1.604 1.311-2.372l25.794-40.062c0.505-0.689 0.958-1.121 1.463-1.251 0.688-0.179 1.404-0.251 2.121-0.216h7.621v65.159h-9.035v-47.91c0-0.603 0-1.293 0-2.026-0.049-0.746-0.049-1.496 0-2.242l-25.944 40.622c-0.331 0.609-0.858 1.123-1.52 1.483-0.662 0.358-1.432 0.549-2.216 0.545h-1.465c-0.784 0.009-1.558-0.177-2.22-0.538-0.664-0.36-1.19-0.878-1.514-1.49l-26.701-40.881c0 0.777 0 1.552 0 2.33 0 0.775 0 1.467 0 2.070v47.91h-8.733v-65.031h7.621c0.717-0.035 1.434 0.037 2.121 0.216 0.625 0.265 1.125 0.708 1.413 1.251l26.348 40.104c0.517 0.742 0.956 1.521 1.311 2.33z",
          "M966.303 889.081v24.408h-10.096v-65.072h22.512c4.25-0.069 8.486 0.41 12.568 1.423 3.268 0.792 6.298 2.174 8.885 4.054 2.242 1.763 3.97 3.948 5.047 6.382 1.192 2.655 1.774 5.48 1.715 8.324 0.046 2.853-0.591 5.685-1.867 8.322-1.212 2.496-3.077 4.723-5.451 6.512-2.589 1.958-5.634 3.429-8.934 4.312-3.93 1.073-8.040 1.584-12.164 1.51l-12.215-0.174zM966.303 882.096h12.215c2.653 0.029 5.294-0.305 7.823-0.991 2.086-0.6 4.010-1.554 5.654-2.803 1.516-1.194 2.69-2.67 3.432-4.314 0.827-1.737 1.238-3.6 1.211-5.477 0.119-1.808-0.227-3.617-1.011-5.301-0.784-1.682-1.989-3.2-3.531-4.443-3.856-2.573-8.7-3.818-13.577-3.493h-12.215v26.821z",
          "M1101.979 913.576h-7.976c-0.799 0.027-1.585-0.187-2.22-0.603-0.572-0.406-1.022-0.923-1.313-1.509l-6.864-15.742h-34.474l-7.117 15.742c-0.261 0.574-0.697 1.081-1.262 1.465-0.642 0.443-1.448 0.673-2.271 0.647h-7.976l30.285-65.167h10.5l30.689 65.167zM1052.008 889.382h28.469l-12.014-26.525c-0.918-1.995-1.677-4.041-2.271-6.124l-1.161 3.408c-0.353 1.035-0.757 1.984-1.11 2.759l-11.913 26.481z",
          "M1145.591 848.713c0.603 0.283 1.123 0.682 1.514 1.165l44.165 49.123c0-0.777 0-1.552 0-2.286s0-1.467 0-2.158v-46.146h9.035v65.165h-5.047c-0.717 0.020-1.428-0.113-2.070-0.388-0.624-0.311-1.172-0.72-1.615-1.207l-44.114-49.079c0.048 0.746 0.048 1.496 0 2.242 0 0.733 0 1.381 0 1.984v46.448h-9.035v-65.165h5.35c0.624-0.015 1.243 0.088 1.816 0.302z",
          "M1274.704 887.658v25.876h-10.096v-25.876l-27.913-39.247h9.035c0.779-0.038 1.549 0.159 2.171 0.561 0.55 0.419 1.011 0.914 1.364 1.467l17.465 25.315c0.706 1.079 1.311 2.070 1.816 3.019s0.909 1.854 1.262 2.761l1.313-2.803c0.49-1.026 1.064-2.021 1.717-2.977l17.211-25.488c0.362-0.508 0.805-0.973 1.313-1.379 0.6-0.448 1.377-0.678 2.171-0.647h9.136l-27.963 39.419z",
          "M864.241 739.054c4.39 0.474 8.832 0.863 13.325 1.207 68.107-26.030 125.722-68.635 165.645-122.489 39.921-53.853 60.381-116.566 58.818-180.299l-75.056-64.13c15.261 67.856 8.123 138.002-20.617 202.589s-77.947 121.066-142.115 163.121z",
          "M837.44 736.069l2.019 0.346c68.57-41.905 120.848-100.423 150.075-167.985s34.057-141.063 13.868-210.995l-106.906-91.339c43.24 75.077 60.645 159.102 50.191 242.299s-48.338 162.15-109.246 227.675z",
          "M1200.002 512.775c-18.163 70.027-62.274 133.184-125.784 180.091-18.549 13.775-38.555 26.048-59.763 36.657 51.716-12.987 99.249-35.948 138.937-67.112s70.468-69.7 89.968-112.635l-43.357-37.001z",
          "M1182.991 502.462l-61.731-52.741c-1.179 60.133-21.188 118.897-57.946 170.189-36.756 51.291-88.922 93.233-151.071 121.47h0.304c13.85-0.004 27.686-0.709 41.439-2.112 58.083-20.255 109.392-52.48 149.352-93.8 39.958-41.32 67.324-90.45 79.653-143.005z",
          "M846.374 227.579l-73.644-63.007c-65.834 21.736-122.454 59.948-162.45 109.632-39.995 49.686-61.504 108.531-61.709 168.832v0c0.247 66.633 26.496 131.291 74.593 183.742 48.097 52.453 115.295 89.701 190.956 105.851 67.544-70.31 107.088-157.189 112.889-248.015s-22.446-180.864-80.635-257.035z",
          "M1353.143 492.76c-0.267-79.056-37.14-154.809-102.568-210.708-65.428-55.901-154.090-87.408-246.618-87.634-42.756-0.038-85.149 6.704-125.027 19.88l450.893 385.24c15.439-34.053 23.347-70.259 23.32-106.778z"
        ],
        "attrs": [
          {
            "fill": "rgb(142, 143, 153)"
          },
          {
            "fill": "rgb(142, 143, 153)"
          },
          {
            "fill": "rgb(142, 143, 153)"
          },
          {
            "fill": "rgb(142, 143, 153)"
          },
          {
            "fill": "rgb(142, 143, 153)"
          },
          {
            "fill": "rgb(142, 143, 153)"
          },
          {
            "fill": "rgb(142, 143, 153)"
          },
          {
            "fill": "rgb(142, 143, 153)"
          },
          {
            "fill": "rgb(142, 143, 153)"
          },
          {
            "fill": "rgb(142, 143, 153)"
          },
          {
            "fill": "rgb(142, 143, 153)"
          },
          {
            "fill": "rgb(142, 143, 153)"
          },
          {
            "fill": "rgb(142, 143, 153)"
          }
        ],
        "isMulticolor": false,
        "isMulticolor2": false,
        "tags": [
          "Logo_3"
        ],
        "grid": 0
      },
      "attrs": [
        {
          "fill": "rgb(142, 143, 153)"
        },
        {
          "fill": "rgb(142, 143, 153)"
        },
        {
          "fill": "rgb(142, 143, 153)"
        },
        {
          "fill": "rgb(142, 143, 153)"
        },
        {
          "fill": "rgb(142, 143, 153)"
        },
        {
          "fill": "rgb(142, 143, 153)"
        },
        {
          "fill": "rgb(142, 143, 153)"
        },
        {
          "fill": "rgb(142, 143, 153)"
        },
        {
          "fill": "rgb(142, 143, 153)"
        },
        {
          "fill": "rgb(142, 143, 153)"
        },
        {
          "fill": "rgb(142, 143, 153)"
        },
        {
          "fill": "rgb(142, 143, 153)"
        },
        {
          "fill": "rgb(142, 143, 153)"
        }
      ],
      "properties": {
        "order": 56,
        "id": 21,
        "name": "Logo_3",
        "prevSize": 32,
        "code": 59700
      },
      "setIdx": 1,
      "setId": 15,
      "iconIdx": 21
    },
    {
      "icon": {
        "width": 1902,
        "paths": [
          "M440.287 393.47h-0.053c-43.622 0-78.987 31.883-78.987 71.214v0.046c0 39.331 35.365 71.214 78.987 71.214h0.053c43.622 0 78.987-31.883 78.987-71.214v-0.046c0-39.331-35.365-71.214-78.987-71.214z",
          "M1023.294 370.706c-0.124-54.629-24.245-106.988-67.083-145.62s-100.906-60.391-161.496-60.515v0c-60.606 0.099-118.7 21.848-161.562 60.482-42.86 38.636-66.995 91.008-67.12 145.653v301.243c0 0 457.207-45.912 457.26-301.197v-0.046z",
          "M201.143 770.821c0.11 38.011 16.901 74.436 46.707 101.317s70.203 42.035 112.36 42.147c42.149-0.112 82.536-15.258 112.34-42.13s46.603-63.285 46.727-101.288v-209.609c0 0-318.135 31.969-318.135 209.563zM360.21 808.377c-8.24 0-16.293-2.202-23.142-6.329s-12.189-9.993-15.342-16.856c-3.152-6.861-3.977-14.413-2.37-21.698s5.573-13.978 11.399-19.229c5.826-5.253 13.248-8.83 21.328-10.278 8.080-1.45 16.455-0.706 24.066 2.138 7.612 2.842 14.117 7.656 18.693 13.831 4.577 6.177 7.020 13.438 7.020 20.866 0.022 4.943-1.040 9.841-3.125 14.415s-5.149 8.73-9.019 12.231c-3.871 3.504-8.47 6.283-13.533 8.179-5.063 1.894-10.494 2.871-15.976 2.871v-0.141z",
          "M651.134 740.846v78h-16.071v-78h16.071zM682.205 774.166v12.537h-35.463v-12.537h35.463zM685.956 740.846v12.588h-39.214v-12.588h39.214zM759.349 778.024v3.696c0 5.928-0.805 11.249-2.412 15.965-1.607 4.714-3.875 8.731-6.804 12.052-2.928 3.286-6.427 5.804-10.5 7.554-4.036 1.75-8.517 2.626-13.445 2.626-4.893 0-9.375-0.876-13.447-2.626-4.036-1.75-7.536-4.268-10.5-7.554-2.964-3.321-5.268-7.338-6.91-12.052-1.607-4.716-2.412-10.037-2.412-15.965v-3.696c0-5.965 0.805-11.286 2.412-15.965 1.607-4.714 3.875-8.731 6.802-12.054 2.966-3.321 6.466-5.857 10.501-7.607 4.070-1.75 8.552-2.624 13.445-2.624 4.93 0 9.412 0.874 13.447 2.624 4.070 1.75 7.57 4.286 10.5 7.607 2.964 3.323 5.25 7.34 6.857 12.054 1.642 4.679 2.465 10 2.465 15.965zM743.117 781.72v-3.803c0-4.144-0.375-7.786-1.126-10.929-0.75-3.141-1.856-5.786-3.321-7.929-1.465-2.141-3.249-3.749-5.358-4.82-2.107-1.108-4.517-1.66-7.232-1.66s-5.125 0.552-7.232 1.66c-2.072 1.072-3.838 2.679-5.303 4.82-1.43 2.143-2.518 4.787-3.268 7.929-0.752 3.143-1.126 6.786-1.126 10.929v3.803c0 4.107 0.375 7.749 1.126 10.929 0.75 3.141 1.856 5.802 3.321 7.982 1.465 2.143 3.249 3.767 5.358 4.875 2.107 1.106 4.517 1.66 7.232 1.66s5.125-0.554 7.232-1.66c2.107-1.108 3.875-2.732 5.303-4.875 1.43-2.18 2.518-4.84 3.268-7.982 0.752-3.18 1.126-6.822 1.126-10.929zM811.527 798.435c0-1.393-0.214-2.644-0.644-3.75-0.393-1.143-1.143-2.18-2.249-3.107-1.108-0.965-2.661-1.911-4.661-2.84s-4.59-1.893-7.768-2.893c-3.536-1.143-6.894-2.428-10.072-3.856-3.143-1.43-5.928-3.090-8.357-4.983-2.394-1.929-4.286-4.16-5.68-6.696-1.357-2.536-2.035-5.482-2.035-8.839 0-3.251 0.715-6.197 2.143-8.839 1.428-2.679 3.429-4.965 6-6.857 2.571-1.929 5.606-3.41 9.108-4.447 3.535-1.035 7.409-1.552 11.624-1.552 5.749 0 10.768 1.035 15.053 3.107s7.609 4.91 9.966 8.517c2.392 3.608 3.588 7.733 3.588 12.376h-15.963c0-2.286-0.483-4.286-1.446-6.001-0.929-1.75-2.357-3.125-4.286-4.125-1.893-0.998-4.286-1.499-7.179-1.499-2.785 0-5.107 0.43-6.963 1.285-1.858 0.823-3.249 1.947-4.178 3.376-0.929 1.393-1.393 2.964-1.393 4.714 0 1.322 0.322 2.518 0.964 3.589 0.678 1.072 1.679 2.072 3.001 3.001 1.322 0.927 2.946 1.803 4.875 2.624s4.16 1.626 6.696 2.412c4.25 1.285 7.982 2.732 11.196 4.339 3.249 1.607 5.965 3.41 8.143 5.411 2.18 1.999 3.822 4.268 4.93 6.802 1.106 2.536 1.66 5.411 1.66 8.625 0 3.394-0.662 6.429-1.982 9.108-1.322 2.677-3.233 4.946-5.733 6.802-2.5 1.858-5.482 3.268-8.947 4.233-3.463 0.964-7.338 1.446-11.624 1.446-3.856 0-7.66-0.501-11.41-1.501-3.75-1.035-7.161-2.589-10.233-4.659-3.035-2.072-5.464-4.716-7.285-7.929-1.821-3.215-2.732-7.018-2.732-11.412h16.124c0 2.43 0.375 4.484 1.125 6.162s1.803 3.035 3.162 4.070c1.392 1.037 3.035 1.787 4.928 2.251 1.929 0.463 4.036 0.695 6.321 0.695 2.785 0 5.071-0.391 6.857-1.178 1.821-0.786 3.162-1.874 4.017-3.268 0.894-1.393 1.34-2.964 1.34-4.714zM873.403 740.846v78h-16.018v-78h16.018zM897.403 740.846v12.588h-63.643v-12.588h63.643zM958.901 806.309v12.537h-41.518v-12.537h41.518zM922.633 740.846v78h-16.071v-78h16.071zM953.49 772.613v12.213h-36.107v-12.213h36.107zM958.848 740.846v12.588h-41.465v-12.588h41.465zM968.276 740.846h29.091c5.963 0 11.088 0.892 15.375 2.677 4.321 1.787 7.642 4.429 9.964 7.929s3.482 7.804 3.482 12.912c0 4.178-0.713 7.768-2.143 10.768-1.392 2.964-3.374 5.445-5.947 7.446-2.534 1.964-5.517 3.535-8.945 4.714l-5.089 2.679h-25.285l-0.108-12.537h18.803c2.821 0 5.16-0.499 7.018-1.499s3.249-2.394 4.178-4.178c0.965-1.787 1.446-3.858 1.446-6.215 0-2.5-0.464-4.659-1.392-6.482-0.929-1.821-2.341-3.213-4.233-4.178-1.893-0.964-4.268-1.446-7.124-1.446h-13.019v65.412h-16.071v-78zM1011.884 818.845l-17.787-34.768 16.984-0.106 17.999 34.125v0.75h-17.196zM1096.26 791.042h-19.877v-12.537h19.877c3.070 0 5.57-0.499 7.499-1.499 1.929-1.035 3.339-2.465 4.233-4.286 0.892-1.821 1.339-3.875 1.339-6.16 0-2.32-0.446-4.482-1.339-6.482s-2.304-3.608-4.233-4.822-4.429-1.821-7.499-1.821h-14.305v65.412h-16.071v-78h30.376c6.106 0 11.339 1.106 15.696 3.321 4.392 2.178 7.749 5.197 10.070 9.053s3.483 8.269 3.483 13.232c0 5.036-1.161 9.393-3.483 13.072-2.32 3.679-5.678 6.517-10.070 8.517-4.357 2-9.591 3.001-15.696 3.001zM1188.937 806.309v12.537h-41.518v-12.537h41.518zM1152.669 740.846v78h-16.071v-78h16.071zM1183.526 772.613v12.213h-36.107v-12.213h36.107zM1188.884 740.846v12.588h-41.465v-12.588h41.465zM1234.258 740.846v78h-16.016v-78h16.016zM1258.258 740.846v12.588h-63.642v-12.588h63.642zM1319.759 806.309v12.537h-41.518v-12.537h41.518zM1283.491 740.846v78h-16.071v-78h16.071zM1314.348 772.613v12.213h-36.107v-12.213h36.107zM1319.706 740.846v12.588h-41.465v-12.588h41.465zM1329.134 740.846h29.089c5.965 0 11.090 0.892 15.376 2.677 4.321 1.787 7.642 4.429 9.964 7.929 2.32 3.5 3.482 7.804 3.482 12.912 0 4.178-0.715 7.768-2.143 10.768-1.393 2.964-3.376 5.445-5.947 7.446-2.536 1.964-5.517 3.535-8.945 4.714l-5.091 2.679h-25.285l-0.106-12.537h18.803c2.821 0 5.16-0.499 7.018-1.499 1.856-1 3.249-2.394 4.178-4.178 0.964-1.787 1.446-3.858 1.446-6.215 0-2.5-0.464-4.659-1.393-6.482-0.929-1.821-2.339-3.213-4.231-4.178s-4.268-1.446-7.126-1.446h-13.018v65.412h-16.071v-78zM1372.741 818.845l-17.787-34.768 16.982-0.106 18 34.125v0.75h-17.196zM1440.027 798.435c0-1.393-0.216-2.644-0.644-3.75-0.393-1.143-1.143-2.18-2.249-3.107-1.108-0.965-2.661-1.911-4.661-2.84s-4.59-1.893-7.768-2.893c-3.536-1.143-6.894-2.428-10.072-3.856-3.143-1.43-5.928-3.090-8.357-4.983-2.394-1.929-4.286-4.16-5.68-6.696-1.357-2.536-2.035-5.482-2.035-8.839 0-3.251 0.713-6.197 2.143-8.839 1.428-2.679 3.429-4.965 6-6.857 2.571-1.929 5.606-3.41 9.106-4.447 3.536-1.035 7.411-1.552 11.626-1.552 5.749 0 10.768 1.035 15.053 3.107s7.607 4.91 9.966 8.517c2.392 3.608 3.588 7.733 3.588 12.376h-15.963c0-2.286-0.483-4.286-1.446-6.001-0.929-1.75-2.357-3.125-4.286-4.125-1.893-0.998-4.286-1.499-7.179-1.499-2.785 0-5.107 0.43-6.963 1.285-1.858 0.823-3.251 1.947-4.178 3.376-0.929 1.393-1.393 2.964-1.393 4.714 0 1.322 0.322 2.518 0.964 3.589 0.678 1.072 1.679 2.072 3.001 3.001 1.322 0.927 2.946 1.803 4.875 2.624s4.16 1.626 6.696 2.412c4.25 1.285 7.982 2.732 11.196 4.339 3.249 1.607 5.965 3.41 8.143 5.411 2.18 1.999 3.822 4.268 4.93 6.802 1.106 2.536 1.66 5.411 1.66 8.625 0 3.394-0.662 6.429-1.982 9.108-1.322 2.677-3.233 4.946-5.733 6.802-2.5 1.858-5.482 3.268-8.947 4.233-3.463 0.964-7.338 1.446-11.624 1.446-3.856 0-7.66-0.501-11.41-1.501-3.75-1.035-7.161-2.589-10.233-4.659-3.035-2.072-5.464-4.716-7.285-7.929-1.821-3.215-2.732-7.018-2.732-11.412h16.124c0 2.43 0.375 4.484 1.125 6.162s1.803 3.035 3.162 4.070c1.392 1.037 3.035 1.787 4.928 2.251 1.929 0.463 4.036 0.695 6.321 0.695 2.785 0 5.071-0.391 6.857-1.178 1.821-0.786 3.16-1.874 4.017-3.268 0.894-1.393 1.34-2.964 1.34-4.714z"
        ],
        "attrs": [
          {
            "fill": "rgb(142, 143, 153)"
          },
          {
            "fill": "rgb(142, 143, 153)"
          },
          {
            "fill": "rgb(142, 143, 153)"
          },
          {
            "fill": "rgb(142, 143, 153)"
          }
        ],
        "isMulticolor": false,
        "isMulticolor2": false,
        "tags": [
          "Logo_4"
        ],
        "grid": 0
      },
      "attrs": [
        {
          "fill": "rgb(142, 143, 153)"
        },
        {
          "fill": "rgb(142, 143, 153)"
        },
        {
          "fill": "rgb(142, 143, 153)"
        },
        {
          "fill": "rgb(142, 143, 153)"
        }
      ],
      "properties": {
        "order": 57,
        "id": 22,
        "name": "Logo_4",
        "prevSize": 32,
        "code": 59701
      },
      "setIdx": 1,
      "setId": 15,
      "iconIdx": 22
    },
    {
      "icon": {
        "width": 1902,
        "paths": [
          "M489.909 811.392c4.489 5.001 6.879 11.266 6.755 17.695 0.229 4.193-0.594 8.379-2.405 12.248-1.812 3.869-4.568 7.322-8.062 10.103-8.72 5.928-19.522 8.827-30.426 8.161h-53.486v-112.135h52.39c10.342-0.618 20.603 2.015 29.027 7.451 3.383 2.549 6.062 5.771 7.826 9.412 1.763 3.641 2.562 7.601 2.335 11.568 0.307 6.186-1.851 12.268-6.085 17.147-4.065 4.456-9.682 7.545-15.941 8.766 7.095 1.165 13.5 4.562 18.072 9.585zM427.173 794.465h22.393c5.089 0.34 10.145-0.984 14.239-3.725 1.68-1.371 2.99-3.074 3.824-4.974s1.17-3.946 0.984-5.981c0.157-2.030-0.187-4.065-1.006-5.959-0.821-1.894-2.099-3.6-3.741-4.997-4.217-2.82-9.428-4.162-14.663-3.78h-22.029v29.416zM465.995 837.467c1.797-1.404 3.209-3.162 4.129-5.138 0.918-1.977 1.317-4.118 1.165-6.256 0.137-2.163-0.28-4.325-1.22-6.32-0.938-1.995-2.373-3.769-4.197-5.184-4.379-2.924-9.768-4.359-15.212-4.054h-23.488v30.841h23.793c5.354 0.278 10.655-1.093 15.029-3.889z",
          "M597.005 859.599l-29.147-43.824h-10.953v43.824h-25.070v-112.135h47.462c11.964-0.752 23.792 2.661 33.042 9.532 6.634 6.085 10.635 14.106 11.282 22.612 0.647 8.508-2.103 16.944-7.753 23.788-5.857 6.038-13.855 10.064-22.636 11.394l31.033 44.809h-27.26zM556.904 800.492h20.507c14.237 0 21.358-5.661 21.358-16.982 0.144-2.313-0.245-4.626-1.147-6.795-0.9-2.169-2.293-4.145-4.087-5.806-4.5-3.368-10.295-5.003-16.124-4.546h-20.751l0.243 34.128z",
          "M734.036 837.030h-49.957l-8.825 22.568h-26.286l45.881-110.875h28.416l45.698 110.875h-26.288l-8.64-22.568zM727.344 820.048l-18.256-47.331-18.255 47.331h36.511z",
          "M905.571 859.599h-24.887l-55.799-76.255v76.255h-24.827v-112.135h24.827l55.799 76.692v-76.692h24.887v112.135z",
          "M1047.594 832.757c-5.146 8.466-12.987 15.353-22.515 19.776-10.832 4.926-22.855 7.355-34.988 7.067h-44.299v-112.137h44.299c12.111-0.283 24.119 2.085 34.988 6.903 9.527 4.323 17.375 11.141 22.515 19.557 5.122 9.121 7.792 19.198 7.792 29.418s-2.67 20.295-7.792 29.416zM1019.116 830.073c7.102-7.45 11.008-16.942 11.008-26.759s-3.906-19.312-11.008-26.761c-8.585-6.747-19.781-10.172-31.155-9.532h-17.28v72.585h17.28c11.374 0.64 22.57-2.785 31.155-9.532z",
          "M749.614 123.733c0 0 321.223 109.177 314.408 267.164v267.218c0 0-320.98-109.232-314.286-267.218l-0.123-267.164z",
          "M1350.197 595.555c60.665-37.586 130.838-60.866 204.089-67.708v-83.65c-84.403 29.285-156.003 82.386-204.089 151.358z",
          "M1313.748 620.758c49.655-90.011 135.735-159.468 240.538-194.086v-241.035c0 0-457.467 155.522-447.792 380.506v380.449c0 0 20.385-6.956 52.453-19.994 0-12.162 0-24.433 1.461-36.758 9.468-104.448 64.624-201.236 153.34-269.082z",
          "M1270.241 762.090c2.405-26.384 7.766-52.484 16.004-77.897-55.241 58.591-88.695 131.297-95.654 207.892-0.669 7.23-1.035 14.462-1.218 21.912 25.984-11.229 56.225-25.254 87.989-41.743-8.106-36.239-10.503-73.324-7.12-110.164z",
          "M1288.433 763.46c-3.045 33.331-1.141 66.878 5.659 99.756 124.985-67.324 265.424-171.354 260.010-297.073v-10.957c-89.296 8.995-172.842 44.138-237.8 100.028-15.208 34.637-24.602 71.119-27.869 108.246z"
        ],
        "attrs": [
          {
            "fill": "rgb(142, 143, 153)"
          },
          {
            "fill": "rgb(142, 143, 153)"
          },
          {
            "fill": "rgb(142, 143, 153)"
          },
          {
            "fill": "rgb(142, 143, 153)"
          },
          {
            "fill": "rgb(142, 143, 153)"
          },
          {
            "fill": "rgb(142, 143, 153)"
          },
          {
            "fill": "rgb(142, 143, 153)"
          },
          {
            "fill": "rgb(142, 143, 153)"
          },
          {
            "fill": "rgb(142, 143, 153)"
          },
          {
            "fill": "rgb(142, 143, 153)"
          }
        ],
        "isMulticolor": false,
        "isMulticolor2": false,
        "tags": [
          "Logo_5"
        ],
        "grid": 0
      },
      "attrs": [
        {
          "fill": "rgb(142, 143, 153)"
        },
        {
          "fill": "rgb(142, 143, 153)"
        },
        {
          "fill": "rgb(142, 143, 153)"
        },
        {
          "fill": "rgb(142, 143, 153)"
        },
        {
          "fill": "rgb(142, 143, 153)"
        },
        {
          "fill": "rgb(142, 143, 153)"
        },
        {
          "fill": "rgb(142, 143, 153)"
        },
        {
          "fill": "rgb(142, 143, 153)"
        },
        {
          "fill": "rgb(142, 143, 153)"
        },
        {
          "fill": "rgb(142, 143, 153)"
        }
      ],
      "properties": {
        "order": 58,
        "id": 23,
        "name": "Logo_5",
        "prevSize": 32,
        "code": 59702
      },
      "setIdx": 1,
      "setId": 15,
      "iconIdx": 23
    },
    {
      "icon": {
        "width": 1902,
        "paths": [
          "M978.821 501.819c-8.119-10.805-12.003-23.572-11.081-36.425v-52.811c0-16.188 3.674-28.491 11.019-36.908 7.347-8.417 19.964-12.608 37.853-12.571 16.81 0 28.743 3.582 35.798 10.745 7.696 9.139 11.441 20.315 10.584 31.59v12.411h-30.071v-12.571c0.108-4.116-0.185-8.23-0.87-12.304-0.433-2.785-1.947-5.36-4.295-7.305-3.088-2.097-6.978-3.114-10.896-2.847-4.12-0.265-8.205 0.806-11.454 3.008-2.62 2.156-4.367 4.981-4.981 8.059-0.863 4.31-1.258 8.68-1.183 13.054v64.093c-0.474 6.182 0.852 12.37 3.86 17.997 1.496 1.905 3.573 3.414 6.001 4.363 2.428 0.947 5.113 1.296 7.757 1.009 3.853 0.274 7.675-0.768 10.646-2.9 2.45-2.099 4.027-4.838 4.484-7.79 0.702-4.253 1.015-8.547 0.933-12.84v-13.001h30.071v11.873c0.845 11.75-2.809 23.417-10.397 33.201-6.91 7.843-18.677 11.765-35.984 11.765s-30.382-4.191-37.791-12.893z",
          "M1104.024 502.356c-7.594-8.219-11.392-20.2-11.392-36.048v-55.552c0-15.687 3.798-27.56 11.392-35.619 7.596-8.059 20.297-12.070 38.102-12.034 17.68 0 30.32 4.012 37.914 12.034 7.596 8.059 11.456 19.931 11.456 35.619v55.552c0 15.687-3.86 27.721-11.58 35.994s-20.295 12.411-37.789 12.411-30.444-4.191-38.102-12.356zM1156.133 489.031c2.721-5.147 3.959-10.789 3.611-16.439v-68.014c0.349-5.542-0.869-11.074-3.549-16.117-1.525-1.946-3.653-3.48-6.14-4.429-2.489-0.951-5.235-1.278-7.929-0.944-2.701-0.325-5.455 0.005-7.951 0.955s-4.635 2.478-6.182 4.418c-2.737 5.029-3.979 10.569-3.61 16.117v68.336c-0.379 5.654 0.861 11.299 3.61 16.441 1.754 1.732 3.917 3.121 6.343 4.072 2.427 0.953 5.061 1.445 7.728 1.445s5.301-0.492 7.728-1.445c2.427-0.951 4.59-2.341 6.341-4.072v-0.324z",
          "M1227.663 364.727h32.375l24.342 102.493 24.903-102.493h31.503l3.174 147.939h-23.285l-2.489-102.817-24.033 102.817h-18.677l-24.903-103.192-2.302 103.192h-23.534l2.926-147.939z",
          "M1380.259 364.727h50.427c29.054 0 43.58 14.001 43.58 42.006 0 26.823-15.294 40.218-45.883 40.181h-17.183v65.752h-31.128l0.187-147.939zM1423.34 427.952c3.076 0.336 6.199 0.093 9.156-0.713 2.955-0.806 5.674-2.158 7.965-3.961 3.569-4.996 5.144-10.864 4.482-16.706 0.163-4.513-0.338-9.026-1.494-13.429-0.444-1.47-1.223-2.851-2.291-4.059-1.070-1.209-2.406-2.22-3.935-2.977-4.321-1.79-9.097-2.602-13.883-2.364h-12.078v44.209h12.078z",
          "M1519.153 364.727h33.432l34.304 147.939h-29.012l-6.786-34.112h-29.82l-6.972 34.112h-29.447l34.302-147.939zM1547.73 461.418l-11.643-62.098-11.643 62.098h23.285z",
          "M1614.594 364.727h21.789l41.713 84.39v-84.39h25.836v147.939h-20.731l-41.962-88.097v88.097h-26.708l0.062-147.939z",
          "M1764.447 456.256l-34.677-91.324h29.199l21.168 58.662 19.86-58.662h28.575l-34.242 91.324v56.408h-29.883v-56.408z",
          "M1026.887 577.346v7.735h-25.401v60.114h-10.646v-60.114h-25.527v-7.735h61.573z",
          "M1106.511 645.2h-8.218c-0.834 0.046-1.659-0.185-2.304-0.644-0.622-0.395-1.097-0.936-1.37-1.558l-7.345-16.115h-35.238l-7.347 16.115c-0.208 0.673-0.591 1.298-1.119 1.827-0.653 0.45-1.472 0.678-2.304 0.644h-8.218l31.128-67.847h10.832l31.503 67.579zM1054.961 620.006h29.387l-12.453-27.611c-0.918-2.088-1.688-4.222-2.304-6.393-0.435 1.289-0.808 2.525-1.183 3.599l-1.119 2.847-12.328 27.558z",
          "M1160.177 638.539c1.949 0.088 3.902 0.088 5.851 0 1.684-0.15 3.35-0.419 4.981-0.806 1.525-0.322 3.023-0.735 4.484-1.236 1.37-0.483 2.739-1.073 4.171-1.664v-15.259h-12.453c-0.307 0.015-0.616-0.024-0.905-0.117s-0.552-0.236-0.775-0.421c-0.205-0.152-0.366-0.342-0.474-0.556s-0.159-0.446-0.148-0.68v-5.211h24.155v26.004c-1.971 1.218-4.054 2.295-6.226 3.224-2.22 0.945-4.533 1.719-6.91 2.311-2.545 0.645-5.149 1.112-7.782 1.395-3.019 0.291-6.053 0.433-9.090 0.432-5.369 0.038-10.697-0.819-15.689-2.525-4.661-1.618-8.896-4.030-12.451-7.093-3.467-3.094-6.195-6.744-8.031-10.745-1.962-4.498-2.933-9.271-2.864-14.076-0.066-4.835 0.883-9.64 2.801-14.184 1.79-4.021 4.524-7.68 8.031-10.745 3.553-3.054 7.79-5.447 12.451-7.038 5.332-1.732 10.99-2.587 16.686-2.525 2.898-0.004 5.791 0.194 8.653 0.591 2.531 0.357 5.014 0.933 7.409 1.719 2.178 0.706 4.264 1.607 6.226 2.686 1.907 1.061 3.719 2.245 5.416 3.546l-2.988 4.191c-0.234 0.384-0.583 0.704-1.011 0.931-0.426 0.227-0.916 0.351-1.417 0.358-0.689-0.018-1.359-0.205-1.931-0.536-0.933-0.43-1.929-0.967-3.050-1.613-1.324-0.717-2.719-1.328-4.171-1.827-1.856-0.642-3.772-1.145-5.729-1.505-2.608-0.413-5.255-0.611-7.907-0.591-4.107-0.038-8.185 0.6-12.016 1.882-3.463 1.198-6.587 3.032-9.15 5.372-2.58 2.439-4.551 5.31-5.791 8.435-2.781 7.347-2.781 15.27 0 22.618 1.362 3.191 3.483 6.102 6.226 8.543 2.553 2.328 5.652 4.16 9.090 5.372 3.959 1.174 8.154 1.631 12.326 1.344z",
          "M1259.418 637.46h33.993v7.735h-44.39v-67.849h10.646l-0.249 60.114z",
          "M1328.772 645.195h-10.646v-67.849h10.646v67.849z",
          "M1368.366 577.668c0.633 0.311 1.185 0.731 1.62 1.236l45.508 51.145c-0.060-0.805-0.060-1.613 0-2.417 0-0.752 0-1.503 0-2.202v-48.353h9.276v68.123h-5.354c-0.792 0.055-1.589-0.075-2.302-0.377-0.647-0.338-1.216-0.775-1.682-1.289l-45.445-51.092c0 0.805 0 1.558 0 2.309s0 1.45 0 2.096v48.353h-8.903v-67.855h5.541c0.602 0 1.194 0.11 1.743 0.322z",
          "M1503.153 577.346v7.466h-37.727v22.404h30.568v7.197h-30.568v23.155h37.727v7.468h-48.684v-67.69h48.684z",
          "M387.569 158.33l472.719 115.823v405.862l-472.719-115.769v-405.916zM357.25 123.733v460.228l533.296 130.703v-460.175l-533.296-130.756z",
          "M643.072 928.305l-533.358-130.812v-460.18l533.358 130.759v460.233z",
          "M366.089 153.118l466.555 114.371-198.413 171.259-466.617-114.423 198.476-171.206zM357.248 123.733l-247.534 213.59 533.358 130.754 247.472-213.59-533.296-130.754z",
          "M673.081 902.415l217.463-187.696-217.463-53.343v241.039z"
        ],
        "attrs": [
          {
            "fill": "rgb(142, 143, 153)"
          },
          {
            "fill": "rgb(142, 143, 153)"
          },
          {
            "fill": "rgb(142, 143, 153)"
          },
          {
            "fill": "rgb(142, 143, 153)"
          },
          {
            "fill": "rgb(142, 143, 153)"
          },
          {
            "fill": "rgb(142, 143, 153)"
          },
          {
            "fill": "rgb(142, 143, 153)"
          },
          {
            "fill": "rgb(142, 143, 153)"
          },
          {
            "fill": "rgb(142, 143, 153)"
          },
          {
            "fill": "rgb(142, 143, 153)"
          },
          {
            "fill": "rgb(142, 143, 153)"
          },
          {
            "fill": "rgb(142, 143, 153)"
          },
          {
            "fill": "rgb(142, 143, 153)"
          },
          {
            "fill": "rgb(142, 143, 153)"
          },
          {
            "fill": "rgb(142, 143, 153)"
          },
          {
            "fill": "rgb(142, 143, 153)"
          },
          {
            "fill": "rgb(142, 143, 153)"
          },
          {
            "fill": "rgb(142, 143, 153)"
          }
        ],
        "isMulticolor": false,
        "isMulticolor2": false,
        "tags": [
          "Logo_6"
        ],
        "grid": 0
      },
      "attrs": [
        {
          "fill": "rgb(142, 143, 153)"
        },
        {
          "fill": "rgb(142, 143, 153)"
        },
        {
          "fill": "rgb(142, 143, 153)"
        },
        {
          "fill": "rgb(142, 143, 153)"
        },
        {
          "fill": "rgb(142, 143, 153)"
        },
        {
          "fill": "rgb(142, 143, 153)"
        },
        {
          "fill": "rgb(142, 143, 153)"
        },
        {
          "fill": "rgb(142, 143, 153)"
        },
        {
          "fill": "rgb(142, 143, 153)"
        },
        {
          "fill": "rgb(142, 143, 153)"
        },
        {
          "fill": "rgb(142, 143, 153)"
        },
        {
          "fill": "rgb(142, 143, 153)"
        },
        {
          "fill": "rgb(142, 143, 153)"
        },
        {
          "fill": "rgb(142, 143, 153)"
        },
        {
          "fill": "rgb(142, 143, 153)"
        },
        {
          "fill": "rgb(142, 143, 153)"
        },
        {
          "fill": "rgb(142, 143, 153)"
        },
        {
          "fill": "rgb(142, 143, 153)"
        }
      ],
      "properties": {
        "order": 59,
        "id": 24,
        "name": "Logo_6",
        "prevSize": 32,
        "code": 59703
      },
      "setIdx": 1,
      "setId": 15,
      "iconIdx": 24
    }
  ],
  "height": 1024,
  "preferences": {
    "showGlyphs": true,
    "showQuickUse": true,
    "showQuickUse2": true,
    "showSVGs": true,
    "fontPref": {
      "prefix": "icon-",
      "metadata": {
        "fontFamily": "icomoon"
      },
      "metrics": {
        "emSize": 1024,
        "baseline": 6.25,
        "whitespace": 50
      },
      "embed": false
    },
    "imagePref": {
      "prefix": "",
      "png": false,
      "useClassSelector": true,
      "color": 0,
      "bgColor": 16777215,
      "classSelector": ".icon",
      "name": "icomoon",
      "height": 32,
      "columns": 16,
      "margin": 16,
      "sprite": false,
      "xaml": false,
      "pdf": false,
      "polymer": false
    },
    "historySize": 50,
    "showCodes": true,
    "gridSize": 16
  }
}